Category,Availability,TemplateName,DisplayNameKey,DisplayNameEnglish,FlavorKey,FlavorEnglish,DescriptionKey,DescriptionEnglish,Tags,AbstractTypes,ActionTypes,SkillGraphGuids,SkillGraphPaths,AddValue,Duration,AddValueTimesDuration,StatEnums,AssetPath
food,not-in-use,ItemTemplate_Alchemy_SmallStaminaPotion,item_craftingresults_alchemy_SmallStaminaPotion,Small Stamina Potion,,,NameSkill_Consumable_HealOverTimeFlat_Desc,Restores [HealValueCalculated] [StatEnum] over [Duration]s.,,Assets/Data/Templates/Items/ItemTemplates/AbstractTypes/Consumable/Abstract_ItemTemplate_EdibleRawPositiveSP.prefab | Assets/Data/Templates/Items/ItemTemplates/AbstractTypes/Consumable/Partial/Abstract_ItemTemplate_EdibleRawPositive.prefab | Assets/Data/Templates/Items/ItemTemplates/AbstractTypes/Consumable/Partial/Abstract_ItemTemplate_EdibleRawSP.prefab | Assets/Data/Templates/Items/ItemTemplates/AbstractTypes/Consumable/Partial/Abstract_ItemTemplate_EdibleRaw.prefab | Assets/Data/Templates/Items/ItemTemplates/AbstractTypes/Consumable/Partial/Abstract_ItemTemplate_EdibleSP.prefab | Assets/Data/Templates/Items/ItemTemplates/AbstractTypes/Consumable/Partial/Abstract_ItemTemplate_Edible.prefab | Assets/Data/Templates/Items/ItemTemplates/AbstractTypes/Consumable/Partial/Abstract_ItemTemplate_ConsumableSP.prefab | Assets/Data/Templates/Items/ItemTemplates/AbstractTypes/Consumable/Partial/Abstract_ItemTemplate_Consumable.prefab | Assets/Data/Templates/Items/ItemTemplates/AbstractTypes/Consumable/Partial/Abstract_ItemTemplate_ConsumablePositive.prefab,Eat,4d431d204820819429d8f7bac4177644 | 044ae51b997dbfd4daa7ec3c4051d2a0,Assets/Data/Templates/SkillGraphs/Consumable/Prefabs/Consumable_ApplyStatus_HealOverTimeStatusFlat.prefab | Assets/Data/Templates/SkillGraphs/Consumable/Prefabs/Consumable_OverdrinkAlchemy.prefab,,10.0 | 60.0,,Health,Assets/Data/Templates/Items/ItemTemplates/CraftingResults/Alchemy/AdvancedPotions/NotInUse/ItemTemplate_Alchemy_SmallStaminaPotion.prefab
food,normal,ItemTemplate_Consumable_Quest_EtherbloomCrumble,item_consumable_EtherbloomScramble,Heiko’s Crumble,Template/flavor_locString_2543871262668956605_535a34c98b80fad49a7a0a17db8a7cd3,,Template/description_locString_2543871262668956605_535a34c98b80fad49a7a0a17db8a7cd3,It looks somewhat edible...,item:quest,Assets/Data/Templates/Items/ItemTemplates/AbstractTypes/Consumable/Partial/Abstract_ItemTemplate_Foodstuff.prefab | Assets/Data/Templates/Items/ItemTemplates/AbstractTypes/Consumable/Partial/Abstract_ItemTemplate_Consumable.prefab,Eat,4d431d204820819429d8f7bac4177644 | 3888125efe7623243b1565a7d9be2c0a | a837e47601d15e845b410704c66636bb,Assets/Data/Templates/SkillGraphs/Consumable/Prefabs/Consumable_ApplyStatus_HealOverTimeStatusFlat.prefab | Assets/Data/Templates/SkillGraphs/Consumable/Quests/SetFlag_HeikoScramble.prefab | Assets/Data/Templates/SkillGraphs/Consumable/Prefabs/Consumable_ApplyStatus.prefab,,10.0 | 30.0,,Health,Assets/Data/Templates/Items/ItemTemplates/CrazyConsumables/Perm/QuestItems/ItemTemplate_Consumable_Quest_EtherbloomCrumble.prefab
food,normal,ItemTemplate_Consumable_Quest_GreatMistake,item_consumable_GreatMistake,Great Mistake,Template/flavor_locString_2543871262668956605_26e8fad854345c044b327728037f3fa7,"If it stinks, cut off your nose. Problem solved. If it tastes foul, slice your tongue off. No taste, no complaints.",NameSkill_Consumable_FoodHealForDurationDesc,Restores [HealValue] health over [DurationCalculated]s.,item:quest,Assets/Data/Templates/Items/ItemTemplates/AbstractTypes/Consumable/Partial/Abstract_ItemTemplate_Foodstuff.prefab | Assets/Data/Templates/Items/ItemTemplates/AbstractTypes/Consumable/Partial/Abstract_ItemTemplate_Consumable.prefab,Eat,ec29ef0ab894f1e4694e084ae763de09 | a215be54d2d9dce48a86a2d2cc5fbf19,Assets/Data/Templates/SkillGraphs/Consumable/Quests/SetFlag_AkiGreatMistake.prefab | Assets/Data/Templates/SkillGraphs/Consumable/Prefabs/Consumable_ApplyStatus_Poison.prefab,,30.0,,HealthRegen,Assets/Data/Templates/Items/ItemTemplates/CrazyConsumables/Perm/QuestItems/ItemTemplate_Consumable_Quest_GreatMistake.prefab
food,normal,ItemTemplate_Cooking_Custom_AppleFritters,item_craftingresults_cooking_AppleFritters,Apple Fritters,,,NameSkill_Consumable_FoodHealForDurationDesc,Restores [HealValue] health over [DurationCalculated]s.,item:dish | item:edible,Assets/Data/Templates/Items/ItemTemplates/AbstractTypes/Consumable/Partial/Abstract_ItemTemplate_Foodstuff.prefab | Assets/Data/Templates/Items/ItemTemplates/AbstractTypes/Consumable/Partial/Abstract_ItemTemplate_Consumable.prefab,Eat,1c2da8428b5a74142b93ed84593676a9 | 7191459edbd5a2f4d8d9c324f5f105ad | d6b5b990cd4a1064ab940dda37b9b2c0,Assets/Data/Templates/SkillGraphs/Consumable/Prefabs/Consumable_ApplyStatus_FoodHealForDuration.prefab | Assets/Data/Templates/SkillGraphs/Consumable/Prefabs/Consumable_ApplyStatus_StatIncreaseForDuration.prefab | Assets/Data/Templates/SkillGraphs/Consumable/Prefabs/Consumable_Overeat.prefab,1.2000000476837158 | 5.0,60.0 | 60.0,72.00000286102295 | 300.0,HealthRegen | MaxStamina,Assets/Data/Templates/Items/ItemTemplates/CraftingResults/Cooking/Custom/Dish/ItemTemplate_Cooking_Custom_AppleFritters.prefab
food,normal,ItemTemplate_Cooking_Custom_AppleOatmeal,item_craftingresults_cooking_AppleOatmeal,Apple Oatmeal,,,NameSkill_Consumable_FoodHealForDurationDesc,Restores [HealValue] health over [DurationCalculated]s.,item:dish | item:edible,Assets/Data/Templates/Items/ItemTemplates/AbstractTypes/Consumable/Partial/Abstract_ItemTemplate_Foodstuff.prefab | Assets/Data/Templates/Items/ItemTemplates/AbstractTypes/Consumable/Partial/Abstract_ItemTemplate_Consumable.prefab,Eat,1c2da8428b5a74142b93ed84593676a9 | d6b5b990cd4a1064ab940dda37b9b2c0,Assets/Data/Templates/SkillGraphs/Consumable/Prefabs/Consumable_ApplyStatus_FoodHealForDuration.prefab | Assets/Data/Templates/SkillGraphs/Consumable/Prefabs/Consumable_Overeat.prefab,1.2999999523162842,60.0,77.99999713897705,HealthRegen,Assets/Data/Templates/Items/ItemTemplates/CraftingResults/Cooking/Custom/Bowl/ItemTemplate_Cooking_Custom_AppleOatmeal.prefab
food,normal,ItemTemplate_Cooking_Custom_BeefStew,item_craftingresults_cooking_BeefStew,Beef Stew,,,NameSkill_Consumable_FoodHealForDurationDesc,Restores [HealValue] health over [DurationCalculated]s.,item:dish | item:edible,Assets/Data/Templates/Items/ItemTemplates/AbstractTypes/Consumable/Partial/Abstract_ItemTemplate_Foodstuff.prefab | Assets/Data/Templates/Items/ItemTemplates/AbstractTypes/Consumable/Partial/Abstract_ItemTemplate_Consumable.prefab,Eat,1c2da8428b5a74142b93ed84593676a9 | d6b5b990cd4a1064ab940dda37b9b2c0,Assets/Data/Templates/SkillGraphs/Consumable/Prefabs/Consumable_ApplyStatus_FoodHealForDuration.prefab | Assets/Data/Templates/SkillGraphs/Consumable/Prefabs/Consumable_Overeat.prefab,2.0,60.0,120.0,HealthRegen,Assets/Data/Templates/Items/ItemTemplates/CraftingResults/Cooking/Custom/Bowl/ItemTemplate_Cooking_Custom_BeefStew.prefab
food,normal,ItemTemplate_Cooking_Custom_BeggarsFare,item_craftingresults_cooking_BeggarsFare,Beggar's Fare,,,NameSkill_Consumable_FoodHealForDurationDesc,Restores [HealValue] health over [DurationCalculated]s.,item:dish | item:edible,Assets/Data/Templates/Items/ItemTemplates/AbstractTypes/Consumable/Partial/Abstract_ItemTemplate_Foodstuff.prefab | Assets/Data/Templates/Items/ItemTemplates/AbstractTypes/Consumable/Partial/Abstract_ItemTemplate_Consumable.prefab,Eat,1c2da8428b5a74142b93ed84593676a9 | d6b5b990cd4a1064ab940dda37b9b2c0,Assets/Data/Templates/SkillGraphs/Consumable/Prefabs/Consumable_ApplyStatus_FoodHealForDuration.prefab | Assets/Data/Templates/SkillGraphs/Consumable/Prefabs/Consumable_Overeat.prefab,0.800000011920929,60.0,48.00000071525574,HealthRegen,Assets/Data/Templates/Items/ItemTemplates/CraftingResults/Cooking/Custom/Bowl/ItemTemplate_Cooking_Custom_BeggarsFare.prefab
food,normal,ItemTemplate_Cooking_Custom_Broth,item_craftingresults_cooking_Broth,Broth,,,NameSkill_Consumable_FoodHealForDurationDesc,Restores [HealValue] health over [DurationCalculated]s.,item:dish | item:edible,Assets/Data/Templates/Items/ItemTemplates/AbstractTypes/Consumable/Partial/Abstract_ItemTemplate_Foodstuff.prefab | Assets/Data/Templates/Items/ItemTemplates/AbstractTypes/Consumable/Partial/Abstract_ItemTemplate_Consumable.prefab,Eat,1c2da8428b5a74142b93ed84593676a9 | d6b5b990cd4a1064ab940dda37b9b2c0,Assets/Data/Templates/SkillGraphs/Consumable/Prefabs/Consumable_ApplyStatus_FoodHealForDuration.prefab | Assets/Data/Templates/SkillGraphs/Consumable/Prefabs/Consumable_Overeat.prefab,1.600000023841858,60.0,96.00000143051147,HealthRegen,Assets/Data/Templates/Items/ItemTemplates/CraftingResults/Cooking/Custom/Bowl/ItemTemplate_Cooking_Custom_Broth.prefab
food,normal,ItemTemplate_Cooking_Custom_CabbageRolls,item_craftingresults_cooking_CabbageRolls,Cabbage Rolls,Template/flavor_locString_2543871262668956605_a2c6b5b4cbc44b741b5a743650140cba,,NameSkill_Consumable_FoodHealForDurationDesc,Restores [HealValue] health over [DurationCalculated]s.,item:dish | item:edible,Assets/Data/Templates/Items/ItemTemplates/AbstractTypes/Consumable/Partial/Abstract_ItemTemplate_Foodstuff.prefab | Assets/Data/Templates/Items/ItemTemplates/AbstractTypes/Consumable/Partial/Abstract_ItemTemplate_Consumable.prefab,Eat,1c2da8428b5a74142b93ed84593676a9 | d6b5b990cd4a1064ab940dda37b9b2c0,Assets/Data/Templates/SkillGraphs/Consumable/Prefabs/Consumable_ApplyStatus_FoodHealForDuration.prefab | Assets/Data/Templates/SkillGraphs/Consumable/Prefabs/Consumable_Overeat.prefab,1.600000023841858,60.0,96.00000143051147,HealthRegen,Assets/Data/Templates/Items/ItemTemplates/CraftingResults/Cooking/Custom/Dish/ItemTemplate_Cooking_Custom_CabbageRolls.prefab
food,normal,ItemTemplate_Cooking_Custom_CheeseBallDoom,item_craftingresults_cooking_CheeseBallDoom,Cheese Ball of Doom,Template/flavor_locString_2543871262668956605_393454d6bd221054cb3fbff112bbdfef,,NameSkill_Consumable_FoodHealForDurationDesc,Restores [HealValue] health over [DurationCalculated]s.,item:dish | item:edible,Assets/Data/Templates/Items/ItemTemplates/AbstractTypes/Consumable/Partial/Abstract_ItemTemplate_Foodstuff.prefab | Assets/Data/Templates/Items/ItemTemplates/AbstractTypes/Consumable/Partial/Abstract_ItemTemplate_Consumable.prefab,Eat,1c2da8428b5a74142b93ed84593676a9 | d6b5b990cd4a1064ab940dda37b9b2c0,Assets/Data/Templates/SkillGraphs/Consumable/Prefabs/Consumable_ApplyStatus_FoodHealForDuration.prefab | Assets/Data/Templates/SkillGraphs/Consumable/Prefabs/Consumable_Overeat.prefab,1.2999999523162842,60.0,77.99999713897705,HealthRegen,Assets/Data/Templates/Items/ItemTemplates/CraftingResults/Cooking/Custom/Dish/ItemTemplate_Cooking_Custom_CheeseBallDoom.prefab
food,normal,ItemTemplate_Cooking_Custom_CheeseBun,item_craftingresults_cooking_CheeseBun,Cheese Bun,Template/flavor_locString_2543871262668956605_5e7e1c59660c0834e8b03b12f891685b,,NameSkill_Consumable_FoodHealForDurationDesc,Restores [HealValue] health over [DurationCalculated]s.,item:dish | item:edible,Assets/Data/Templates/Items/ItemTemplates/AbstractTypes/Consumable/Partial/Abstract_ItemTemplate_Foodstuff.prefab | Assets/Data/Templates/Items/ItemTemplates/AbstractTypes/Consumable/Partial/Abstract_ItemTemplate_Consumable.prefab,Eat,1c2da8428b5a74142b93ed84593676a9 | d6b5b990cd4a1064ab940dda37b9b2c0,Assets/Data/Templates/SkillGraphs/Consumable/Prefabs/Consumable_ApplyStatus_FoodHealForDuration.prefab | Assets/Data/Templates/SkillGraphs/Consumable/Prefabs/Consumable_Overeat.prefab,1.0,60.0,60.0,HealthRegen,Assets/Data/Templates/Items/ItemTemplates/CraftingResults/Cooking/Custom/Dish/ItemTemplate_Cooking_Custom_CheeseBun.prefab
food,normal,ItemTemplate_Cooking_Custom_CheesePie,item_craftingresults_cooking_CheesePie,Cheese Pie,,,NameSkill_Consumable_FoodHealForDurationDesc,Restores [HealValue] health over [DurationCalculated]s.,item:dish | item:edible,Assets/Data/Templates/Items/ItemTemplates/AbstractTypes/Consumable/Partial/Abstract_ItemTemplate_Foodstuff.prefab | Assets/Data/Templates/Items/ItemTemplates/AbstractTypes/Consumable/Partial/Abstract_ItemTemplate_Consumable.prefab,Eat,1c2da8428b5a74142b93ed84593676a9 | d6b5b990cd4a1064ab940dda37b9b2c0,Assets/Data/Templates/SkillGraphs/Consumable/Prefabs/Consumable_ApplyStatus_FoodHealForDuration.prefab | Assets/Data/Templates/SkillGraphs/Consumable/Prefabs/Consumable_Overeat.prefab,1.0,60.0,60.0,HealthRegen,Assets/Data/Templates/Items/ItemTemplates/CraftingResults/Cooking/Custom/Pie/ItemTemplate_Cooking_Custom_CheesePie.prefab
food,normal,ItemTemplate_Cooking_Custom_CottagePie,item_craftingresults_cooking_CottagePie,Cottage Pie,,,NameSkill_Consumable_FoodHealForDurationDesc,Restores [HealValue] health over [DurationCalculated]s.,item:dish | item:edible,Assets/Data/Templates/Items/ItemTemplates/AbstractTypes/Consumable/Partial/Abstract_ItemTemplate_Foodstuff.prefab | Assets/Data/Templates/Items/ItemTemplates/AbstractTypes/Consumable/Partial/Abstract_ItemTemplate_Consumable.prefab,Eat,1c2da8428b5a74142b93ed84593676a9 | d6b5b990cd4a1064ab940dda37b9b2c0,Assets/Data/Templates/SkillGraphs/Consumable/Prefabs/Consumable_ApplyStatus_FoodHealForDuration.prefab | Assets/Data/Templates/SkillGraphs/Consumable/Prefabs/Consumable_Overeat.prefab,1.5,60.0,90.0,HealthRegen,Assets/Data/Templates/Items/ItemTemplates/CraftingResults/Cooking/Custom/Pie/ItemTemplate_Cooking_Custom_CottagePie.prefab
food,normal,ItemTemplate_Cooking_Custom_CoughSyrup,item_craftingresults_cooking_CoughSyrup,Cough Syrup,,,NameSkill_Consumable_FoodHealForDurationDesc,Restores [HealValue] health over [DurationCalculated]s.,item:dish | item:edible,Assets/Data/Templates/Items/ItemTemplates/AbstractTypes/Consumable/Partial/Abstract_ItemTemplate_Foodstuff.prefab | Assets/Data/Templates/Items/ItemTemplates/AbstractTypes/Consumable/Partial/Abstract_ItemTemplate_Consumable.prefab,Eat,1c2da8428b5a74142b93ed84593676a9 | d6b5b990cd4a1064ab940dda37b9b2c0,Assets/Data/Templates/SkillGraphs/Consumable/Prefabs/Consumable_ApplyStatus_FoodHealForDuration.prefab | Assets/Data/Templates/SkillGraphs/Consumable/Prefabs/Consumable_Overeat.prefab,1.399999976158142,60.0,83.99999856948853,HealthRegen,Assets/Data/Templates/Items/ItemTemplates/CraftingResults/Cooking/Custom/Custom/ItemTemplate_Cooking_Custom_CoughSyrup.prefab
food,normal,ItemTemplate_Cooking_Custom_Custard,item_craftingresults_cooking_Custard,Custard,,,NameSkill_Consumable_FoodHealForDurationDesc,Restores [HealValue] health over [DurationCalculated]s.,item:dish | item:edible,Assets/Data/Templates/Items/ItemTemplates/AbstractTypes/Consumable/Partial/Abstract_ItemTemplate_Foodstuff.prefab | Assets/Data/Templates/Items/ItemTemplates/AbstractTypes/Consumable/Partial/Abstract_ItemTemplate_Consumable.prefab,Eat,1c2da8428b5a74142b93ed84593676a9 | d6b5b990cd4a1064ab940dda37b9b2c0,Assets/Data/Templates/SkillGraphs/Consumable/Prefabs/Consumable_ApplyStatus_FoodHealForDuration.prefab | Assets/Data/Templates/SkillGraphs/Consumable/Prefabs/Consumable_Overeat.prefab,1.399999976158142,60.0,83.99999856948853,HealthRegen,Assets/Data/Templates/Items/ItemTemplates/CraftingResults/Cooking/Custom/Pie/ItemTemplate_Cooking_Custom_Custard.prefab
food,normal,ItemTemplate_Cooking_Custom_DamnGoodFish,item_craftingresults_cooking_DamnGoodFish,Damn Good Fish,,,Template/description_locString_2543871262668956605_5e3f4ac26a2b7374fbf156a94c6a10b4,"Restores [HealValue_0] health over [DurationCalculated_0]s.
Increases [StatEnum_1] by [AddValueCalculated_1] for [Duration_1]s.",item:dish | item:edible,Assets/Data/Templates/Items/ItemTemplates/AbstractTypes/Consumable/Partial/Abstract_ItemTemplate_Foodstuff.prefab | Assets/Data/Templates/Items/ItemTemplates/AbstractTypes/Consumable/Partial/Abstract_ItemTemplate_Consumable.prefab,Eat,1c2da8428b5a74142b93ed84593676a9 | 7191459edbd5a2f4d8d9c324f5f105ad | d6b5b990cd4a1064ab940dda37b9b2c0,Assets/Data/Templates/SkillGraphs/Consumable/Prefabs/Consumable_ApplyStatus_FoodHealForDuration.prefab | Assets/Data/Templates/SkillGraphs/Consumable/Prefabs/Consumable_ApplyStatus_StatIncreaseForDuration.prefab | Assets/Data/Templates/SkillGraphs/Consumable/Prefabs/Consumable_Overeat.prefab,1.399999976158142 | 15.0,60.0 | 60.0,83.99999856948853 | 900.0,HealthRegen | MaxHealth,Assets/Data/Templates/Items/ItemTemplates/CraftingResults/Cooking/Custom/Dish/ItemTemplate_Cooking_Custom_DamnGoodFish.prefab
food,normal,ItemTemplate_Cooking_Custom_FishermansBreath,item_craftingresults_cooking_FishermansBreath,Fishermans Breath,,,NameSkill_Consumable_FoodHealForDurationDesc,Restores [HealValue] health over [DurationCalculated]s.,item:dish | item:edible,Assets/Data/Templates/Items/ItemTemplates/AbstractTypes/Consumable/Partial/Abstract_ItemTemplate_Foodstuff.prefab | Assets/Data/Templates/Items/ItemTemplates/AbstractTypes/Consumable/Partial/Abstract_ItemTemplate_Consumable.prefab,Eat,1c2da8428b5a74142b93ed84593676a9 | d6b5b990cd4a1064ab940dda37b9b2c0,Assets/Data/Templates/SkillGraphs/Consumable/Prefabs/Consumable_ApplyStatus_FoodHealForDuration.prefab | Assets/Data/Templates/SkillGraphs/Consumable/Prefabs/Consumable_Overeat.prefab,1.399999976158142,60.0,83.99999856948853,HealthRegen,Assets/Data/Templates/Items/ItemTemplates/CraftingResults/Cooking/Custom/Dish/ItemTemplate_Cooking_Custom_FishermansBreath.prefab
food,normal,ItemTemplate_Cooking_Custom_FishSoup,item_craftingresults_cooking_FishSoup,Fish Soup,,,NameSkill_Consumable_FoodHealForDurationDesc,Restores [HealValue] health over [DurationCalculated]s.,item:dish | item:edible,Assets/Data/Templates/Items/ItemTemplates/AbstractTypes/Consumable/Partial/Abstract_ItemTemplate_Foodstuff.prefab | Assets/Data/Templates/Items/ItemTemplates/AbstractTypes/Consumable/Partial/Abstract_ItemTemplate_Consumable.prefab,Eat,1c2da8428b5a74142b93ed84593676a9 | d6b5b990cd4a1064ab940dda37b9b2c0,Assets/Data/Templates/SkillGraphs/Consumable/Prefabs/Consumable_ApplyStatus_FoodHealForDuration.prefab | Assets/Data/Templates/SkillGraphs/Consumable/Prefabs/Consumable_Overeat.prefab,1.7999999523162842,60.0,107.99999713897705,HealthRegen,Assets/Data/Templates/Items/ItemTemplates/CraftingResults/Cooking/Custom/Bowl/ItemTemplate_Cooking_Custom_FishSoup.prefab
food,normal,ItemTemplate_Cooking_Custom_FriedCheese,item_craftingresults_cooking_FriedCheese,Fried Cheese,Template/flavor_locString_2543871262668956605_d244af69749dc8d4ea3e8a69de965c3d,,NameSkill_Consumable_FoodHealForDurationDesc,Restores [HealValue] health over [DurationCalculated]s.,item:dish | item:edible,Assets/Data/Templates/Items/ItemTemplates/AbstractTypes/Consumable/Partial/Abstract_ItemTemplate_Foodstuff.prefab | Assets/Data/Templates/Items/ItemTemplates/AbstractTypes/Consumable/Partial/Abstract_ItemTemplate_Consumable.prefab,Eat,1c2da8428b5a74142b93ed84593676a9 | d6b5b990cd4a1064ab940dda37b9b2c0,Assets/Data/Templates/SkillGraphs/Consumable/Prefabs/Consumable_ApplyStatus_FoodHealForDuration.prefab | Assets/Data/Templates/SkillGraphs/Consumable/Prefabs/Consumable_Overeat.prefab,1.5,60.0,90.0,HealthRegen,Assets/Data/Templates/Items/ItemTemplates/CraftingResults/Cooking/Custom/Dish/ItemTemplate_Cooking_Custom_FriedCheese.prefab
food,normal,ItemTemplate_Cooking_Custom_FriedFish,item_craftingresults_cooking_FriedFish,Fried Fish,Template/flavor_locString_2543871262668956605_a369d5ba18ee3bd47962716b0af82b1d,,NameSkill_Consumable_FoodHealForDurationDesc,Restores [HealValue] health over [DurationCalculated]s.,item:dish | item:edible,Assets/Data/Templates/Items/ItemTemplates/AbstractTypes/Consumable/Partial/Abstract_ItemTemplate_Foodstuff.prefab | Assets/Data/Templates/Items/ItemTemplates/AbstractTypes/Consumable/Partial/Abstract_ItemTemplate_Consumable.prefab,Eat,1c2da8428b5a74142b93ed84593676a9 | d6b5b990cd4a1064ab940dda37b9b2c0,Assets/Data/Templates/SkillGraphs/Consumable/Prefabs/Consumable_ApplyStatus_FoodHealForDuration.prefab | Assets/Data/Templates/SkillGraphs/Consumable/Prefabs/Consumable_Overeat.prefab,0.8999999761581421,60.0,53.999998569488525,HealthRegen,Assets/Data/Templates/Items/ItemTemplates/CraftingResults/Cooking/Custom/Dish/ItemTemplate_Cooking_Custom_FriedFish.prefab
food,normal,ItemTemplate_Cooking_Custom_FriedPotatoesAndOnions,item_craftingresults_cooking_FriedPotatoesAndOnions,Fried Potatoes And Onions,,,NameSkill_Consumable_FoodHealForDurationDesc,Restores [HealValue] health over [DurationCalculated]s.,item:dish | item:edible,Assets/Data/Templates/Items/ItemTemplates/AbstractTypes/Consumable/Partial/Abstract_ItemTemplate_Foodstuff.prefab | Assets/Data/Templates/Items/ItemTemplates/AbstractTypes/Consumable/Partial/Abstract_ItemTemplate_Consumable.prefab,Eat,1c2da8428b5a74142b93ed84593676a9 | d6b5b990cd4a1064ab940dda37b9b2c0,Assets/Data/Templates/SkillGraphs/Consumable/Prefabs/Consumable_ApplyStatus_FoodHealForDuration.prefab | Assets/Data/Templates/SkillGraphs/Consumable/Prefabs/Consumable_Overeat.prefab,1.0,60.0,60.0,HealthRegen,Assets/Data/Templates/Items/ItemTemplates/CraftingResults/Cooking/Custom/Bowl/ItemTemplate_Cooking_Custom_FriedPotatoesAndOnions.prefab
food,normal,ItemTemplate_Cooking_Custom_GrandmasPowermilk,item_craftingresults_alchemy_GrandmasPowermilk,Grandma's Powermilk,,,NameSkill_Consumable_FoodHealAndIncreaseForDurationDesc ,"Increases [StatEnum] by [AddValueCalculated] for [DurationCalculated_0]s.
Restores [HealValue_1] health over [DurationCalculated_1]s.",item:dish | item:edible,Assets/Data/Templates/Items/ItemTemplates/AbstractTypes/Consumable/Partial/Abstract_ItemTemplate_Foodstuff.prefab | Assets/Data/Templates/Items/ItemTemplates/AbstractTypes/Consumable/Partial/Abstract_ItemTemplate_Consumable.prefab,Eat,1c2da8428b5a74142b93ed84593676a9 | 1c2da8428b5a74142b93ed84593676a9 | d6b5b990cd4a1064ab940dda37b9b2c0,Assets/Data/Templates/SkillGraphs/Consumable/Prefabs/Consumable_ApplyStatus_FoodHealForDuration.prefab | Assets/Data/Templates/SkillGraphs/Consumable/Prefabs/Consumable_ApplyStatus_FoodHealForDuration.prefab | Assets/Data/Templates/SkillGraphs/Consumable/Prefabs/Consumable_Overeat.prefab,5.0 | 0.8999999761581421,10.0 | 60.0,50.0 | 53.999998569488525,StaminaRegen | HealthRegen,Assets/Data/Templates/Items/ItemTemplates/CraftingResults/Cooking/Custom/Custom/ItemTemplate_Cooking_Custom_GrandmasPowermilk.prefab
food,normal,ItemTemplate_Cooking_Custom_GrandmasSecret,item_craftingresults_cooking_GrandmasSecret,Grandma's Secret,,,NameSkill_Consumable_FoodHealForDurationDesc,Restores [HealValue] health over [DurationCalculated]s.,item:dish | item:edible,Assets/Data/Templates/Items/ItemTemplates/AbstractTypes/Consumable/Partial/Abstract_ItemTemplate_Foodstuff.prefab | Assets/Data/Templates/Items/ItemTemplates/AbstractTypes/Consumable/Partial/Abstract_ItemTemplate_Consumable.prefab,Eat,1c2da8428b5a74142b93ed84593676a9 | d6b5b990cd4a1064ab940dda37b9b2c0,Assets/Data/Templates/SkillGraphs/Consumable/Prefabs/Consumable_ApplyStatus_FoodHealForDuration.prefab | Assets/Data/Templates/SkillGraphs/Consumable/Prefabs/Consumable_Overeat.prefab,3.0,60.0,180.0,HealthRegen,Assets/Data/Templates/Items/ItemTemplates/CraftingResults/Cooking/Custom/Bowl/ItemTemplate_Cooking_Custom_GrandmasSecret.prefab
food,normal,ItemTemplate_Cooking_Custom_HeartyOmelet,item_craftingresults_cooking_HeartyOmelet,Hearty Omelet,,,NameSkill_Consumable_FoodHealForDurationDesc,Restores [HealValue] health over [DurationCalculated]s.,item:dish | item:edible,Assets/Data/Templates/Items/ItemTemplates/AbstractTypes/Consumable/Partial/Abstract_ItemTemplate_Foodstuff.prefab | Assets/Data/Templates/Items/ItemTemplates/AbstractTypes/Consumable/Partial/Abstract_ItemTemplate_Consumable.prefab,Eat,1c2da8428b5a74142b93ed84593676a9 | d6b5b990cd4a1064ab940dda37b9b2c0,Assets/Data/Templates/SkillGraphs/Consumable/Prefabs/Consumable_ApplyStatus_FoodHealForDuration.prefab | Assets/Data/Templates/SkillGraphs/Consumable/Prefabs/Consumable_Overeat.prefab,1.5,60.0,90.0,HealthRegen,Assets/Data/Templates/Items/ItemTemplates/CraftingResults/Cooking/Custom/Dish/ItemTemplate_Cooking_Custom_HeartyOmelet.prefab
food,normal,ItemTemplate_Cooking_Custom_HoneyedApples,item_craftingresults_cooking_HoneyedApples,Honeyed Apples,,,NameSkill_Consumable_FoodHealForDurationDesc,Restores [HealValue] health over [DurationCalculated]s.,item:dish | item:edible,Assets/Data/Templates/Items/ItemTemplates/AbstractTypes/Consumable/Partial/Abstract_ItemTemplate_Foodstuff.prefab | Assets/Data/Templates/Items/ItemTemplates/AbstractTypes/Consumable/Partial/Abstract_ItemTemplate_Consumable.prefab,Eat,1c2da8428b5a74142b93ed84593676a9 | d6b5b990cd4a1064ab940dda37b9b2c0,Assets/Data/Templates/SkillGraphs/Consumable/Prefabs/Consumable_ApplyStatus_FoodHealForDuration.prefab | Assets/Data/Templates/SkillGraphs/Consumable/Prefabs/Consumable_Overeat.prefab,1.0,60.0,60.0,HealthRegen,Assets/Data/Templates/Items/ItemTemplates/CraftingResults/Cooking/Custom/Bowl/ItemTemplate_Cooking_Custom_HoneyedApples.prefab
food,normal,ItemTemplate_Cooking_Custom_HuntersDelicacy,item_craftingresults_cooking_HuntersDelicacy,Hunters Delicacy,,,NameSkill_Consumable_FoodHealForDurationDesc,Restores [HealValue] health over [DurationCalculated]s.,item:dish | item:edible,Assets/Data/Templates/Items/ItemTemplates/AbstractTypes/Consumable/Partial/Abstract_ItemTemplate_Foodstuff.prefab | Assets/Data/Templates/Items/ItemTemplates/AbstractTypes/Consumable/Partial/Abstract_ItemTemplate_Consumable.prefab,Eat,1c2da8428b5a74142b93ed84593676a9 | d6b5b990cd4a1064ab940dda37b9b2c0,Assets/Data/Templates/SkillGraphs/Consumable/Prefabs/Consumable_ApplyStatus_FoodHealForDuration.prefab | Assets/Data/Templates/SkillGraphs/Consumable/Prefabs/Consumable_Overeat.prefab,1.2999999523162842,60.0,77.99999713897705,HealthRegen,Assets/Data/Templates/Items/ItemTemplates/CraftingResults/Cooking/Custom/Dish/ItemTemplate_Cooking_Custom_HuntersDelicacy.prefab
food,normal,ItemTemplate_Cooking_Custom_HuntersStew,item_craftingresults_cooking_HuntersStew,Hunters Stew,,,NameSkill_Consumable_FoodHealForDurationDesc,Restores [HealValue] health over [DurationCalculated]s.,item:dish | item:edible,Assets/Data/Templates/Items/ItemTemplates/AbstractTypes/Consumable/Partial/Abstract_ItemTemplate_Foodstuff.prefab | Assets/Data/Templates/Items/ItemTemplates/AbstractTypes/Consumable/Partial/Abstract_ItemTemplate_Consumable.prefab,Eat,1c2da8428b5a74142b93ed84593676a9 | d6b5b990cd4a1064ab940dda37b9b2c0,Assets/Data/Templates/SkillGraphs/Consumable/Prefabs/Consumable_ApplyStatus_FoodHealForDuration.prefab | Assets/Data/Templates/SkillGraphs/Consumable/Prefabs/Consumable_Overeat.prefab,2.0,60.0,120.0,HealthRegen,Assets/Data/Templates/Items/ItemTemplates/CraftingResults/Cooking/Custom/Bowl/ItemTemplate_Cooking_Custom_HuntersStew.prefab
food,normal,ItemTemplate_Cooking_Custom_KamelotsDelicacy,item_craftingresults_cooking_KamelotsDelicacy,Kamelot Delicacy,,,NameSkill_Consumable_FoodHealForDurationDesc,Restores [HealValue] health over [DurationCalculated]s.,item:dish | item:edible,Assets/Data/Templates/Items/ItemTemplates/AbstractTypes/Consumable/Partial/Abstract_ItemTemplate_Foodstuff.prefab | Assets/Data/Templates/Items/ItemTemplates/AbstractTypes/Consumable/Partial/Abstract_ItemTemplate_Consumable.prefab,Eat,1c2da8428b5a74142b93ed84593676a9 | d6b5b990cd4a1064ab940dda37b9b2c0,Assets/Data/Templates/SkillGraphs/Consumable/Prefabs/Consumable_ApplyStatus_FoodHealForDuration.prefab | Assets/Data/Templates/SkillGraphs/Consumable/Prefabs/Consumable_Overeat.prefab,1.7999999523162842,60.0,107.99999713897705,HealthRegen,Assets/Data/Templates/Items/ItemTemplates/CraftingResults/Cooking/Custom/Dish/ItemTemplate_Cooking_Custom_KamelotsDelicacy.prefab
food,normal,ItemTemplate_Cooking_Custom_MashedPotatoes,item_craftingresults_cooking_MashedPotatoes,Mashed Potatoes,,,NameSkill_Consumable_FoodHealForDurationDesc,Restores [HealValue] health over [DurationCalculated]s.,item:dish | item:edible,Assets/Data/Templates/Items/ItemTemplates/AbstractTypes/Consumable/Partial/Abstract_ItemTemplate_Foodstuff.prefab | Assets/Data/Templates/Items/ItemTemplates/AbstractTypes/Consumable/Partial/Abstract_ItemTemplate_Consumable.prefab,Eat,1c2da8428b5a74142b93ed84593676a9 | d6b5b990cd4a1064ab940dda37b9b2c0,Assets/Data/Templates/SkillGraphs/Consumable/Prefabs/Consumable_ApplyStatus_FoodHealForDuration.prefab | Assets/Data/Templates/SkillGraphs/Consumable/Prefabs/Consumable_Overeat.prefab,1.2000000476837158,60.0,72.00000286102295,HealthRegen,Assets/Data/Templates/Items/ItemTemplates/CraftingResults/Cooking/Custom/Bowl/ItemTemplate_Cooking_Custom_MashedPotatoes.prefab
food,normal,ItemTemplate_Cooking_Custom_Noodles,item_craftingresults_cooking_Noodles,Noodles,,,NameSkill_Consumable_FoodHealForDurationDesc,Restores [HealValue] health over [DurationCalculated]s.,item:dish | item:edible,Assets/Data/Templates/Items/ItemTemplates/AbstractTypes/Consumable/Partial/Abstract_ItemTemplate_Foodstuff.prefab | Assets/Data/Templates/Items/ItemTemplates/AbstractTypes/Consumable/Partial/Abstract_ItemTemplate_Consumable.prefab,Eat,1c2da8428b5a74142b93ed84593676a9 | d6b5b990cd4a1064ab940dda37b9b2c0,Assets/Data/Templates/SkillGraphs/Consumable/Prefabs/Consumable_ApplyStatus_FoodHealForDuration.prefab | Assets/Data/Templates/SkillGraphs/Consumable/Prefabs/Consumable_Overeat.prefab,0.800000011920929,60.0,48.00000071525574,HealthRegen,Assets/Data/Templates/Items/ItemTemplates/CraftingResults/Cooking/Custom/Dish/ItemTemplate_Cooking_Custom_Noodles.prefab
food,normal,ItemTemplate_Cooking_Custom_Oatmeal,item_craftingresults_cooking_Oatmeal,Oatmeal,,,NameSkill_Consumable_FoodHealForDurationDesc,Restores [HealValue] health over [DurationCalculated]s.,item:dish | item:edible,Assets/Data/Templates/Items/ItemTemplates/AbstractTypes/Consumable/Partial/Abstract_ItemTemplate_Foodstuff.prefab | Assets/Data/Templates/Items/ItemTemplates/AbstractTypes/Consumable/Partial/Abstract_ItemTemplate_Consumable.prefab,Eat,1c2da8428b5a74142b93ed84593676a9 | d6b5b990cd4a1064ab940dda37b9b2c0,Assets/Data/Templates/SkillGraphs/Consumable/Prefabs/Consumable_ApplyStatus_FoodHealForDuration.prefab | Assets/Data/Templates/SkillGraphs/Consumable/Prefabs/Consumable_Overeat.prefab,0.5,60.0,30.0,HealthRegen,Assets/Data/Templates/Items/ItemTemplates/CraftingResults/Cooking/Custom/Bowl/ItemTemplate_Cooking_Custom_Oatmeal.prefab
food,normal,ItemTemplate_Cooking_Custom_OatmealMilk,item_craftingresults_cooking_OatmealMilk,Oatmeal with Milk,,,NameSkill_Consumable_FoodHealForDurationDesc,Restores [HealValue] health over [DurationCalculated]s.,item:dish | item:edible,Assets/Data/Templates/Items/ItemTemplates/AbstractTypes/Consumable/Partial/Abstract_ItemTemplate_Foodstuff.prefab | Assets/Data/Templates/Items/ItemTemplates/AbstractTypes/Consumable/Partial/Abstract_ItemTemplate_Consumable.prefab,Eat,1c2da8428b5a74142b93ed84593676a9 | d6b5b990cd4a1064ab940dda37b9b2c0,Assets/Data/Templates/SkillGraphs/Consumable/Prefabs/Consumable_ApplyStatus_FoodHealForDuration.prefab | Assets/Data/Templates/SkillGraphs/Consumable/Prefabs/Consumable_Overeat.prefab,0.8999999761581421,60.0,53.999998569488525,HealthRegen,Assets/Data/Templates/Items/ItemTemplates/CraftingResults/Cooking/Custom/Bowl/ItemTemplate_Cooking_Custom_OatmealMilk.prefab
food,normal,ItemTemplate_Cooking_Custom_OnionBun,item_craftingresults_cooking_OnionBun,Onion Bun,Template/flavor_locString_2543871262668956605_f9737715264d4764e888f5579504450b,,Template/description_locString_2543871262668956605_f9737715264d4764e888f5579504450b,"Restores [HealValue_0] health over [DurationCalculated_0]s.
Increases [StatEnum_1] by [AddValueCalculated_1] for [DurationCalculated_1]s.",item:dish | item:edible,Assets/Data/Templates/Items/ItemTemplates/AbstractTypes/Consumable/Partial/Abstract_ItemTemplate_Foodstuff.prefab | Assets/Data/Templates/Items/ItemTemplates/AbstractTypes/Consumable/Partial/Abstract_ItemTemplate_Consumable.prefab,Eat,1c2da8428b5a74142b93ed84593676a9 | 1c2da8428b5a74142b93ed84593676a9 | d6b5b990cd4a1064ab940dda37b9b2c0,Assets/Data/Templates/SkillGraphs/Consumable/Prefabs/Consumable_ApplyStatus_FoodHealForDuration.prefab | Assets/Data/Templates/SkillGraphs/Consumable/Prefabs/Consumable_ApplyStatus_FoodHealForDuration.prefab | Assets/Data/Templates/SkillGraphs/Consumable/Prefabs/Consumable_Overeat.prefab,1.0 | 40.0,60.0 | 10.0,60.0 | 400.0,HealthRegen | StaminaRegen,Assets/Data/Templates/Items/ItemTemplates/CraftingResults/Cooking/Custom/Pie/ItemTemplate_Cooking_Custom_OnionBun.prefab
food,normal,ItemTemplate_Cooking_Custom_Pancake,item_craftingresults_cooking_Pancake,Pancake,,,NameSkill_Consumable_FoodHealForDurationDesc,Restores [HealValue] health over [DurationCalculated]s.,item:dish | item:edible,Assets/Data/Templates/Items/ItemTemplates/AbstractTypes/Consumable/Partial/Abstract_ItemTemplate_Foodstuff.prefab | Assets/Data/Templates/Items/ItemTemplates/AbstractTypes/Consumable/Partial/Abstract_ItemTemplate_Consumable.prefab,Eat,1c2da8428b5a74142b93ed84593676a9 | d6b5b990cd4a1064ab940dda37b9b2c0,Assets/Data/Templates/SkillGraphs/Consumable/Prefabs/Consumable_ApplyStatus_FoodHealForDuration.prefab | Assets/Data/Templates/SkillGraphs/Consumable/Prefabs/Consumable_Overeat.prefab,1.0,60.0,60.0,HealthRegen,Assets/Data/Templates/Items/ItemTemplates/CraftingResults/Cooking/Custom/Dish/ItemTemplate_Cooking_Custom_Pancake.prefab
food,normal,ItemTemplate_Cooking_Custom_PeasantsStew,item_craftingresults_cooking_PeasantsStew,Peasant's Stew,,,NameSkill_Consumable_FoodHealForDurationDesc,Restores [HealValue] health over [DurationCalculated]s.,item:dish | item:edible,Assets/Data/Templates/Items/ItemTemplates/AbstractTypes/Consumable/Partial/Abstract_ItemTemplate_Foodstuff.prefab | Assets/Data/Templates/Items/ItemTemplates/AbstractTypes/Consumable/Partial/Abstract_ItemTemplate_Consumable.prefab,Eat,1c2da8428b5a74142b93ed84593676a9 | d6b5b990cd4a1064ab940dda37b9b2c0,Assets/Data/Templates/SkillGraphs/Consumable/Prefabs/Consumable_ApplyStatus_FoodHealForDuration.prefab | Assets/Data/Templates/SkillGraphs/Consumable/Prefabs/Consumable_Overeat.prefab,1.0,60.0,60.0,HealthRegen,Assets/Data/Templates/Items/ItemTemplates/CraftingResults/Cooking/Custom/Bowl/ItemTemplate_Cooking_Custom_PeasantsStew.prefab
food,normal,ItemTemplate_Cooking_Custom_PorkAspic,item_craftingresults_cooking_PorkAspic,Pork Aspic,,,NameSkill_Consumable_FoodHealForDurationDesc,Restores [HealValue] health over [DurationCalculated]s.,item:dish | item:edible,Assets/Data/Templates/Items/ItemTemplates/AbstractTypes/Consumable/Partial/Abstract_ItemTemplate_Foodstuff.prefab | Assets/Data/Templates/Items/ItemTemplates/AbstractTypes/Consumable/Partial/Abstract_ItemTemplate_Consumable.prefab,Eat,1c2da8428b5a74142b93ed84593676a9 | d6b5b990cd4a1064ab940dda37b9b2c0,Assets/Data/Templates/SkillGraphs/Consumable/Prefabs/Consumable_ApplyStatus_FoodHealForDuration.prefab | Assets/Data/Templates/SkillGraphs/Consumable/Prefabs/Consumable_Overeat.prefab,0.8999999761581421,60.0,53.999998569488525,HealthRegen,Assets/Data/Templates/Items/ItemTemplates/CraftingResults/Cooking/Custom/Dish/ItemTemplate_Cooking_Custom_PorkAspic.prefab
food,normal,ItemTemplate_Cooking_Custom_PoultryStew,item_craftingresults_cooking_PoultryStew,Poultry Stew,,,NameSkill_Consumable_FoodHealForDurationDesc,Restores [HealValue] health over [DurationCalculated]s.,item:dish | item:edible,Assets/Data/Templates/Items/ItemTemplates/AbstractTypes/Consumable/Partial/Abstract_ItemTemplate_Foodstuff.prefab | Assets/Data/Templates/Items/ItemTemplates/AbstractTypes/Consumable/Partial/Abstract_ItemTemplate_Consumable.prefab,Eat,1c2da8428b5a74142b93ed84593676a9 | d6b5b990cd4a1064ab940dda37b9b2c0,Assets/Data/Templates/SkillGraphs/Consumable/Prefabs/Consumable_ApplyStatus_FoodHealForDuration.prefab | Assets/Data/Templates/SkillGraphs/Consumable/Prefabs/Consumable_Overeat.prefab,1.2000000476837158,60.0,72.00000286102295,HealthRegen,Assets/Data/Templates/Items/ItemTemplates/CraftingResults/Cooking/Custom/Bowl/ItemTemplate_Cooking_Custom_PoultryStew.prefab
food,normal,ItemTemplate_Cooking_Custom_Roast,item_craftingresults_cooking_Roast,Roast,,,NameSkill_Consumable_FoodHealForDurationDesc,Restores [HealValue] health over [DurationCalculated]s.,item:dish | item:edible,Assets/Data/Templates/Items/ItemTemplates/AbstractTypes/Consumable/Partial/Abstract_ItemTemplate_Foodstuff.prefab | Assets/Data/Templates/Items/ItemTemplates/AbstractTypes/Consumable/Partial/Abstract_ItemTemplate_Consumable.prefab,Eat,1c2da8428b5a74142b93ed84593676a9 | d6b5b990cd4a1064ab940dda37b9b2c0,Assets/Data/Templates/SkillGraphs/Consumable/Prefabs/Consumable_ApplyStatus_FoodHealForDuration.prefab | Assets/Data/Templates/SkillGraphs/Consumable/Prefabs/Consumable_Overeat.prefab,1.399999976158142,60.0,83.99999856948853,HealthRegen,Assets/Data/Templates/Items/ItemTemplates/CraftingResults/Cooking/Custom/Dish/ItemTemplate_Cooking_Custom_Roast.prefab
food,normal,ItemTemplate_Cooking_Custom_Scones,item_craftingresults_cooking_Scones,Scones,,,NameSkill_Consumable_FoodHealForDurationDesc,Restores [HealValue] health over [DurationCalculated]s.,item:dish | item:edible,Assets/Data/Templates/Items/ItemTemplates/AbstractTypes/Consumable/Partial/Abstract_ItemTemplate_Foodstuff.prefab | Assets/Data/Templates/Items/ItemTemplates/AbstractTypes/Consumable/Partial/Abstract_ItemTemplate_Consumable.prefab,Eat,1c2da8428b5a74142b93ed84593676a9 | d6b5b990cd4a1064ab940dda37b9b2c0,Assets/Data/Templates/SkillGraphs/Consumable/Prefabs/Consumable_ApplyStatus_FoodHealForDuration.prefab | Assets/Data/Templates/SkillGraphs/Consumable/Prefabs/Consumable_Overeat.prefab,1.2000000476837158,60.0,72.00000286102295,HealthRegen,Assets/Data/Templates/Items/ItemTemplates/CraftingResults/Cooking/Custom/Dish/ItemTemplate_Cooking_Custom_Scones.prefab
food,normal,ItemTemplate_Cooking_Custom_ScrambledEggsMeat,item_craftingresults_cooking_ScrambledEggsMeat,Scrambled Eggs with Meat,,,NameSkill_Consumable_FoodHealForDurationDesc,Restores [HealValue] health over [DurationCalculated]s.,item:dish | item:edible,Assets/Data/Templates/Items/ItemTemplates/AbstractTypes/Consumable/Partial/Abstract_ItemTemplate_Foodstuff.prefab | Assets/Data/Templates/Items/ItemTemplates/AbstractTypes/Consumable/Partial/Abstract_ItemTemplate_Consumable.prefab,Eat,1c2da8428b5a74142b93ed84593676a9 | d6b5b990cd4a1064ab940dda37b9b2c0,Assets/Data/Templates/SkillGraphs/Consumable/Prefabs/Consumable_ApplyStatus_FoodHealForDuration.prefab | Assets/Data/Templates/SkillGraphs/Consumable/Prefabs/Consumable_Overeat.prefab,1.5,60.0,90.0,HealthRegen,Assets/Data/Templates/Items/ItemTemplates/CraftingResults/Cooking/Custom/Dish/ItemTemplate_Cooking_Custom_ScrambledEggsMeat.prefab
food,normal,ItemTemplate_Cooking_Custom_ScrambledEggsVegetables,item_craftingresults_cooking_ScrambledEggsVegetables,Scrambled Eggs with Vegetables,,,NameSkill_Consumable_FoodHealForDurationDesc,Restores [HealValue] health over [DurationCalculated]s.,item:dish | item:edible,Assets/Data/Templates/Items/ItemTemplates/AbstractTypes/Consumable/Partial/Abstract_ItemTemplate_Foodstuff.prefab | Assets/Data/Templates/Items/ItemTemplates/AbstractTypes/Consumable/Partial/Abstract_ItemTemplate_Consumable.prefab,Eat,1c2da8428b5a74142b93ed84593676a9 | d6b5b990cd4a1064ab940dda37b9b2c0,Assets/Data/Templates/SkillGraphs/Consumable/Prefabs/Consumable_ApplyStatus_FoodHealForDuration.prefab | Assets/Data/Templates/SkillGraphs/Consumable/Prefabs/Consumable_Overeat.prefab,1.2000000476837158,60.0,72.00000286102295,HealthRegen,Assets/Data/Templates/Items/ItemTemplates/CraftingResults/Cooking/Custom/Dish/ItemTemplate_Cooking_Custom_ScrambledEggsVegetables.prefab
food,normal,ItemTemplate_Cooking_Custom_SewalsDelight,item_craftingresults_cooking_SewalsDelight,Sewals Delight,,,NameSkill_Consumable_FoodHealForDurationDesc,Restores [HealValue] health over [DurationCalculated]s.,item:dish | item:edible,Assets/Data/Templates/Items/ItemTemplates/AbstractTypes/Consumable/Partial/Abstract_ItemTemplate_Foodstuff.prefab | Assets/Data/Templates/Items/ItemTemplates/AbstractTypes/Consumable/Partial/Abstract_ItemTemplate_Consumable.prefab,Eat,1c2da8428b5a74142b93ed84593676a9 | d6b5b990cd4a1064ab940dda37b9b2c0,Assets/Data/Templates/SkillGraphs/Consumable/Prefabs/Consumable_ApplyStatus_FoodHealForDuration.prefab | Assets/Data/Templates/SkillGraphs/Consumable/Prefabs/Consumable_Overeat.prefab,1.7000000476837158,60.0,102.00000286102295,HealthRegen,Assets/Data/Templates/Items/ItemTemplates/CraftingResults/Cooking/Custom/Dish/ItemTemplate_Cooking_Custom_SewalsDelight.prefab
food,normal,ItemTemplate_Cooking_Custom_Shortbread,item_craftingresults_cooking_Shortbread,Shortbread,,,NameSkill_Consumable_FoodHealForDurationDesc,Restores [HealValue] health over [DurationCalculated]s.,item:dish | item:edible,Assets/Data/Templates/Items/ItemTemplates/AbstractTypes/Consumable/Partial/Abstract_ItemTemplate_Foodstuff.prefab | Assets/Data/Templates/Items/ItemTemplates/AbstractTypes/Consumable/Partial/Abstract_ItemTemplate_Consumable.prefab,Eat,1c2da8428b5a74142b93ed84593676a9 | d6b5b990cd4a1064ab940dda37b9b2c0,Assets/Data/Templates/SkillGraphs/Consumable/Prefabs/Consumable_ApplyStatus_FoodHealForDuration.prefab | Assets/Data/Templates/SkillGraphs/Consumable/Prefabs/Consumable_Overeat.prefab,1.0,60.0,60.0,HealthRegen,Assets/Data/Templates/Items/ItemTemplates/CraftingResults/Cooking/Custom/Pie/ItemTemplate_Cooking_Custom_Shortbread.prefab
food,normal,ItemTemplate_Cooking_Custom_SimpleMeal,item_craftingresults_cooking_SimpleMeal,Simple Meal,,,NameSkill_Consumable_FoodHealForDurationDesc,Restores [HealValue] health over [DurationCalculated]s.,item:dish | item:edible,Assets/Data/Templates/Items/ItemTemplates/AbstractTypes/Consumable/Partial/Abstract_ItemTemplate_Foodstuff.prefab | Assets/Data/Templates/Items/ItemTemplates/AbstractTypes/Consumable/Partial/Abstract_ItemTemplate_Consumable.prefab,Eat,1c2da8428b5a74142b93ed84593676a9 | d6b5b990cd4a1064ab940dda37b9b2c0,Assets/Data/Templates/SkillGraphs/Consumable/Prefabs/Consumable_ApplyStatus_FoodHealForDuration.prefab | Assets/Data/Templates/SkillGraphs/Consumable/Prefabs/Consumable_Overeat.prefab,1.2999999523162842,60.0,77.99999713897705,HealthRegen,Assets/Data/Templates/Items/ItemTemplates/CraftingResults/Cooking/Custom/Bowl/ItemTemplate_Cooking_Custom_SimpleMeal.prefab
food,normal,ItemTemplate_Cooking_Custom_SoS_DeepSeaTangle,item_craftingresults_cooking_DeepSeaTangle,Deep-Sea Tangle,,,NameSkill_Consumable_FoodHealForDurationDesc,Restores [HealValue] health over [DurationCalculated]s.,item:dish | item:edible | item:sarras,Assets/Data/Templates/Items/ItemTemplates/AbstractTypes/Consumable/Partial/Abstract_ItemTemplate_Foodstuff.prefab | Assets/Data/Templates/Items/ItemTemplates/AbstractTypes/Consumable/Partial/Abstract_ItemTemplate_Consumable.prefab,Eat,1c2da8428b5a74142b93ed84593676a9 | d6b5b990cd4a1064ab940dda37b9b2c0,Assets/Data/Templates/SkillGraphs/Consumable/Prefabs/Consumable_ApplyStatus_FoodHealForDuration.prefab | Assets/Data/Templates/SkillGraphs/Consumable/Prefabs/Consumable_Overeat.prefab,2.200000047683716,60.0,132.00000286102295,HealthRegen,Assets/Data/Templates/Items/ItemTemplates/CraftingResults/Cooking/Custom/Dish/ItemTemplate_Cooking_Custom_SoS_DeepSeaTangle.prefab
food,normal,ItemTemplate_Cooking_Custom_SoS_FishStew,item_craftingresults_cooking_FishStew,Fish Stew,,,NameSkill_Consumable_FoodHealForDurationDesc,Restores [HealValue] health over [DurationCalculated]s.,item:dish | item:edible | item:sarras,Assets/Data/Templates/Items/ItemTemplates/AbstractTypes/Consumable/Partial/Abstract_ItemTemplate_Foodstuff.prefab | Assets/Data/Templates/Items/ItemTemplates/AbstractTypes/Consumable/Partial/Abstract_ItemTemplate_Consumable.prefab,Eat,1c2da8428b5a74142b93ed84593676a9 | d6b5b990cd4a1064ab940dda37b9b2c0,Assets/Data/Templates/SkillGraphs/Consumable/Prefabs/Consumable_ApplyStatus_FoodHealForDuration.prefab | Assets/Data/Templates/SkillGraphs/Consumable/Prefabs/Consumable_Overeat.prefab,2.200000047683716,60.0,132.00000286102295,HealthRegen,Assets/Data/Templates/Items/ItemTemplates/CraftingResults/Cooking/Custom/Dish/ItemTemplate_Cooking_Custom_SoS_FishStew.prefab
food,normal,ItemTemplate_Cooking_Custom_SoS_ReefboundsDelight,item_craftingresults_cooking_ReefboundsDelight,Reefbound’s Delight,,,NameSkill_Consumable_FoodHealForDurationDesc,Restores [HealValue] health over [DurationCalculated]s.,item:dish | item:edible | item:sarras,Assets/Data/Templates/Items/ItemTemplates/AbstractTypes/Consumable/Partial/Abstract_ItemTemplate_Foodstuff.prefab | Assets/Data/Templates/Items/ItemTemplates/AbstractTypes/Consumable/Partial/Abstract_ItemTemplate_Consumable.prefab,Eat,1c2da8428b5a74142b93ed84593676a9 | d6b5b990cd4a1064ab940dda37b9b2c0,Assets/Data/Templates/SkillGraphs/Consumable/Prefabs/Consumable_ApplyStatus_FoodHealForDuration.prefab | Assets/Data/Templates/SkillGraphs/Consumable/Prefabs/Consumable_Overeat.prefab,2.5,60.0,150.0,HealthRegen,Assets/Data/Templates/Items/ItemTemplates/CraftingResults/Cooking/Custom/Dish/ItemTemplate_Cooking_Custom_SoS_ReefboundsDelight.prefab
food,normal,ItemTemplate_Cooking_Custom_SoS_SailorsRevenge,item_craftingresults_cooking_SailorsRevenge,Sailor’s Revenge,,,NameSkill_Consumable_FoodHealForDurationDesc,Restores [HealValue] health over [DurationCalculated]s.,item:dish | item:edible | item:sarras,Assets/Data/Templates/Items/ItemTemplates/AbstractTypes/Consumable/Partial/Abstract_ItemTemplate_Foodstuff.prefab | Assets/Data/Templates/Items/ItemTemplates/AbstractTypes/Consumable/Partial/Abstract_ItemTemplate_Consumable.prefab,Eat,1c2da8428b5a74142b93ed84593676a9 | d6b5b990cd4a1064ab940dda37b9b2c0,Assets/Data/Templates/SkillGraphs/Consumable/Prefabs/Consumable_ApplyStatus_FoodHealForDuration.prefab | Assets/Data/Templates/SkillGraphs/Consumable/Prefabs/Consumable_Overeat.prefab,2.5,60.0,150.0,HealthRegen,Assets/Data/Templates/Items/ItemTemplates/CraftingResults/Cooking/Custom/Dish/ItemTemplate_Cooking_Custom_SoS_SailorsRevenge.prefab
food,normal,ItemTemplate_Cooking_Custom_SoS_SarrasBloodSausage_Quest,item_craftingresults_cooking_SarrasBloodSausage,Sarras Blood Sausage,,,NameSkill_Consumable_FoodHealForDurationDesc,Restores [HealValue] health over [DurationCalculated]s.,item:dish | item:edible | item:sarras,Assets/Data/Templates/Items/ItemTemplates/AbstractTypes/Consumable/Partial/Abstract_ItemTemplate_Foodstuff.prefab | Assets/Data/Templates/Items/ItemTemplates/AbstractTypes/Consumable/Partial/Abstract_ItemTemplate_Consumable.prefab,Eat,1c2da8428b5a74142b93ed84593676a9 | d6b5b990cd4a1064ab940dda37b9b2c0,Assets/Data/Templates/SkillGraphs/Consumable/Prefabs/Consumable_ApplyStatus_FoodHealForDuration.prefab | Assets/Data/Templates/SkillGraphs/Consumable/Prefabs/Consumable_Overeat.prefab,2.5,60.0,150.0,HealthRegen,Assets/Data/Templates/Items/ItemTemplates/CraftingResults/Cooking/Custom/Dish/ItemTemplate_Cooking_Custom_SoS_SarrasBloodSausage_Quest.prefab
food,normal,ItemTemplate_Cooking_Custom_SoS_SeaSalad,item_craftingresults_cooking_SeaSalad,Sea Salad,,,NameSkill_Consumable_FoodHealForDurationDesc,Restores [HealValue] health over [DurationCalculated]s.,item:dish | item:edible | item:sarras,Assets/Data/Templates/Items/ItemTemplates/AbstractTypes/Consumable/Partial/Abstract_ItemTemplate_Foodstuff.prefab | Assets/Data/Templates/Items/ItemTemplates/AbstractTypes/Consumable/Partial/Abstract_ItemTemplate_Consumable.prefab,Eat,1c2da8428b5a74142b93ed84593676a9 | d6b5b990cd4a1064ab940dda37b9b2c0,Assets/Data/Templates/SkillGraphs/Consumable/Prefabs/Consumable_ApplyStatus_FoodHealForDuration.prefab | Assets/Data/Templates/SkillGraphs/Consumable/Prefabs/Consumable_Overeat.prefab,2.0,60.0,120.0,HealthRegen,Assets/Data/Templates/Items/ItemTemplates/CraftingResults/Cooking/Custom/Dish/ItemTemplate_Cooking_Custom_SoS_SeaSalad.prefab
food,normal,ItemTemplate_Cooking_Custom_SoS_SeaSoup,item_craftingresults_cooking_SeaSoup,Sea Soup,,,NameSkill_Consumable_FoodHealForDurationDesc,Restores [HealValue] health over [DurationCalculated]s.,item:dish | item:edible | item:sarras,Assets/Data/Templates/Items/ItemTemplates/AbstractTypes/Consumable/Partial/Abstract_ItemTemplate_Foodstuff.prefab | Assets/Data/Templates/Items/ItemTemplates/AbstractTypes/Consumable/Partial/Abstract_ItemTemplate_Consumable.prefab,Eat,1c2da8428b5a74142b93ed84593676a9 | d6b5b990cd4a1064ab940dda37b9b2c0,Assets/Data/Templates/SkillGraphs/Consumable/Prefabs/Consumable_ApplyStatus_FoodHealForDuration.prefab | Assets/Data/Templates/SkillGraphs/Consumable/Prefabs/Consumable_Overeat.prefab,2.0,60.0,120.0,HealthRegen,Assets/Data/Templates/Items/ItemTemplates/CraftingResults/Cooking/Custom/Dish/ItemTemplate_Cooking_Custom_SoS_SeaSoup.prefab
food,normal,ItemTemplate_Cooking_Custom_SoS_SeaweedCake_Quest,item_craftingresults_cooking_SeaweedCake,Seaweed Cake,,,NameSkill_Consumable_FoodHealForDurationDesc,Restores [HealValue] health over [DurationCalculated]s.,item:dish | item:edible | item:sarras,Assets/Data/Templates/Items/ItemTemplates/AbstractTypes/Consumable/Partial/Abstract_ItemTemplate_Foodstuff.prefab | Assets/Data/Templates/Items/ItemTemplates/AbstractTypes/Consumable/Partial/Abstract_ItemTemplate_Consumable.prefab,Eat,1c2da8428b5a74142b93ed84593676a9 | d6b5b990cd4a1064ab940dda37b9b2c0,Assets/Data/Templates/SkillGraphs/Consumable/Prefabs/Consumable_ApplyStatus_FoodHealForDuration.prefab | Assets/Data/Templates/SkillGraphs/Consumable/Prefabs/Consumable_Overeat.prefab,2.5,60.0,150.0,HealthRegen,Assets/Data/Templates/Items/ItemTemplates/CraftingResults/Cooking/Custom/Dish/ItemTemplate_Cooking_Custom_SoS_SeaweedCake_Quest.prefab
food,normal,ItemTemplate_Cooking_Custom_SoS_SwamOfViridianWailcaps,item_craftingresults_cooking_SwarmOfViridianWailcaps,Swarm of Viridian Wailcaps,,,NameSkill_Consumable_FoodHealForDurationDesc,Restores [HealValue] health over [DurationCalculated]s.,item:dish | item:edible | item:sarras,Assets/Data/Templates/Items/ItemTemplates/AbstractTypes/Consumable/Partial/Abstract_ItemTemplate_Foodstuff.prefab | Assets/Data/Templates/Items/ItemTemplates/AbstractTypes/Consumable/Partial/Abstract_ItemTemplate_Consumable.prefab,Eat,1c2da8428b5a74142b93ed84593676a9 | d6b5b990cd4a1064ab940dda37b9b2c0 | a837e47601d15e845b410704c66636bb,Assets/Data/Templates/SkillGraphs/Consumable/Prefabs/Consumable_ApplyStatus_FoodHealForDuration.prefab | Assets/Data/Templates/SkillGraphs/Consumable/Prefabs/Consumable_Overeat.prefab | Assets/Data/Templates/SkillGraphs/Consumable/Prefabs/Consumable_ApplyStatus.prefab,2.0,60.0 | 30.0,120.0,HealthRegen,Assets/Data/Templates/Items/ItemTemplates/CraftingResults/Cooking/Custom/Dish/ItemTemplate_Cooking_Custom_SoS_SwamOfViridianWailcaps.prefab
food,normal,ItemTemplate_Cooking_Custom_SourHerringAndCheese,item_craftingresults_cooking_SourHerringAndCheese,Sour Herring and Cheese,Template/flavor_locString_2543871262668956605_0cea6bf069c429640931fd7fdc640223,This experience is meant to embody the essence of flavor transgression.,NameSkill_Consumable_FoodHealForDurationDesc,Restores [HealValue] health over [DurationCalculated]s.,item:dish | item:edible,Assets/Data/Templates/Items/ItemTemplates/AbstractTypes/Consumable/Partial/Abstract_ItemTemplate_Foodstuff.prefab | Assets/Data/Templates/Items/ItemTemplates/AbstractTypes/Consumable/Partial/Abstract_ItemTemplate_Consumable.prefab,Eat,1c2da8428b5a74142b93ed84593676a9 | d6b5b990cd4a1064ab940dda37b9b2c0,Assets/Data/Templates/SkillGraphs/Consumable/Prefabs/Consumable_ApplyStatus_FoodHealForDuration.prefab | Assets/Data/Templates/SkillGraphs/Consumable/Prefabs/Consumable_Overeat.prefab,1.2999999523162842,60.0,77.99999713897705,HealthRegen,Assets/Data/Templates/Items/ItemTemplates/CraftingResults/Cooking/Custom/Dish/ItemTemplate_Cooking_Custom_SourHerringAndCheese.prefab
food,normal,ItemTemplate_Cooking_Custom_SouthernStyleCrab,item_craftingresults_cooking_SouthernStyleCrab,Southern Style Crab,,,NameSkill_Consumable_FoodHealForDurationDesc,Restores [HealValue] health over [DurationCalculated]s.,item:dish | item:edible,Assets/Data/Templates/Items/ItemTemplates/AbstractTypes/Consumable/Partial/Abstract_ItemTemplate_Foodstuff.prefab | Assets/Data/Templates/Items/ItemTemplates/AbstractTypes/Consumable/Partial/Abstract_ItemTemplate_Consumable.prefab,Eat,1c2da8428b5a74142b93ed84593676a9 | d6b5b990cd4a1064ab940dda37b9b2c0,Assets/Data/Templates/SkillGraphs/Consumable/Prefabs/Consumable_ApplyStatus_FoodHealForDuration.prefab | Assets/Data/Templates/SkillGraphs/Consumable/Prefabs/Consumable_Overeat.prefab,1.2000000476837158,60.0,72.00000286102295,HealthRegen,Assets/Data/Templates/Items/ItemTemplates/CraftingResults/Cooking/Custom/Dish/ItemTemplate_Cooking_Custom_SouthernStyleCrab.prefab
food,normal,ItemTemplate_Cooking_Custom_TheKraken,item_craftingresults_cooking_TheKraken,The Kraken,,,NameSkill_Consumable_FoodHealForDurationDesc,Restores [HealValue] health over [DurationCalculated]s.,item:dish | item:edible,Assets/Data/Templates/Items/ItemTemplates/AbstractTypes/Consumable/Partial/Abstract_ItemTemplate_Foodstuff.prefab | Assets/Data/Templates/Items/ItemTemplates/AbstractTypes/Consumable/Partial/Abstract_ItemTemplate_Consumable.prefab,Eat,1c2da8428b5a74142b93ed84593676a9 | d6b5b990cd4a1064ab940dda37b9b2c0,Assets/Data/Templates/SkillGraphs/Consumable/Prefabs/Consumable_ApplyStatus_FoodHealForDuration.prefab | Assets/Data/Templates/SkillGraphs/Consumable/Prefabs/Consumable_Overeat.prefab,2.0,60.0,120.0,HealthRegen,Assets/Data/Templates/Items/ItemTemplates/CraftingResults/Cooking/Custom/Dish/ItemTemplate_Cooking_Custom_TheKraken.prefab
food,normal,ItemTemplate_Cooking_Custom_VenisonStew,item_craftingresults_cooking_VenisonStew,Venison Stew,,,NameSkill_Consumable_FoodHealForDurationDesc,Restores [HealValue] health over [DurationCalculated]s.,item:dish | item:edible,Assets/Data/Templates/Items/ItemTemplates/AbstractTypes/Consumable/Partial/Abstract_ItemTemplate_Foodstuff.prefab | Assets/Data/Templates/Items/ItemTemplates/AbstractTypes/Consumable/Partial/Abstract_ItemTemplate_Consumable.prefab,Eat,1c2da8428b5a74142b93ed84593676a9 | d6b5b990cd4a1064ab940dda37b9b2c0,Assets/Data/Templates/SkillGraphs/Consumable/Prefabs/Consumable_ApplyStatus_FoodHealForDuration.prefab | Assets/Data/Templates/SkillGraphs/Consumable/Prefabs/Consumable_Overeat.prefab,1.7999999523162842,60.0,107.99999713897705,HealthRegen,Assets/Data/Templates/Items/ItemTemplates/CraftingResults/Cooking/Custom/Bowl/ItemTemplate_Cooking_Custom_VenisonStew.prefab
food,normal,ItemTemplate_Cooking_Custom_WyrddeerStew,item_craftingresults_cooking_WyrddeerStew,Wyrddeer Stew,,,NameSkill_Consumable_FoodHealAndIncreaseForDurationDesc ,"Increases [StatEnum] by [AddValueCalculated] for [DurationCalculated_0]s.
Restores [HealValue_1] health over [DurationCalculated_1]s.",item:dish | item:edible,Assets/Data/Templates/Items/ItemTemplates/AbstractTypes/Consumable/Partial/Abstract_ItemTemplate_Foodstuff.prefab | Assets/Data/Templates/Items/ItemTemplates/AbstractTypes/Consumable/Partial/Abstract_ItemTemplate_Consumable.prefab,Eat,7191459edbd5a2f4d8d9c324f5f105ad | 1c2da8428b5a74142b93ed84593676a9 | d6b5b990cd4a1064ab940dda37b9b2c0,Assets/Data/Templates/SkillGraphs/Consumable/Prefabs/Consumable_ApplyStatus_StatIncreaseForDuration.prefab | Assets/Data/Templates/SkillGraphs/Consumable/Prefabs/Consumable_ApplyStatus_FoodHealForDuration.prefab | Assets/Data/Templates/SkillGraphs/Consumable/Prefabs/Consumable_Overeat.prefab,25.0 | 5.0,30.0 | 30.0,750.0 | 150.0,MaxStamina | HealthRegen,Assets/Data/Templates/Items/ItemTemplates/CraftingResults/Cooking/Custom/Custom/ItemTemplate_Cooking_Custom_WyrddeerStew.prefab
food,normal,ItemTemplate_Cooking_Generic_Bread,item_craftingresults_cooking_Bread,Bread,,,NameSkill_Consumable_FoodHealForDurationDesc,Restores [HealValue] health over [DurationCalculated]s.,item:dish | item:edible,Assets/Data/Templates/Items/ItemTemplates/AbstractTypes/Consumable/Partial/Abstract_ItemTemplate_Foodstuff.prefab | Assets/Data/Templates/Items/ItemTemplates/AbstractTypes/Consumable/Partial/Abstract_ItemTemplate_Consumable.prefab,Eat,1c2da8428b5a74142b93ed84593676a9 | d6b5b990cd4a1064ab940dda37b9b2c0,Assets/Data/Templates/SkillGraphs/Consumable/Prefabs/Consumable_ApplyStatus_FoodHealForDuration.prefab | Assets/Data/Templates/SkillGraphs/Consumable/Prefabs/Consumable_Overeat.prefab,0.800000011920929,60.0,48.00000071525574,HealthRegen,Assets/Data/Templates/Items/ItemTemplates/CraftingResults/Cooking/Custom/Custom/ItemTemplate_Cooking_Generic_Bread.prefab
food,normal,ItemTemplate_Cooking_Generic_Foodstuff_1,item_craftingresults_cooking_Foodstuff,Undercooked Food,,,NameSkill_Consumable_FoodHealForDurationDesc,Restores [HealValue] health over [DurationCalculated]s.,item:edible,Assets/Data/Templates/Items/ItemTemplates/AbstractTypes/Consumable/Partial/Abstract_ItemTemplate_Foodstuff.prefab | Assets/Data/Templates/Items/ItemTemplates/AbstractTypes/Consumable/Partial/Abstract_ItemTemplate_Consumable.prefab,Eat,1c2da8428b5a74142b93ed84593676a9,Assets/Data/Templates/SkillGraphs/Consumable/Prefabs/Consumable_ApplyStatus_FoodHealForDuration.prefab,0.30000001192092896,30.0,9.000000357627869,HealthRegen,Assets/Data/Templates/Items/ItemTemplates/CraftingResults/Cooking/Generic/ItemTemplate_Cooking_Generic_Foodstuff_1.prefab
food,normal,ItemTemplate_Cooking_Generic_Foodstuff_2,item_craftingresults_cooking_Foodstuff,Undercooked Food,,,NameSkill_Consumable_FoodHealForDurationDesc,Restores [HealValue] health over [DurationCalculated]s.,item:edible,Assets/Data/Templates/Items/ItemTemplates/AbstractTypes/Consumable/Partial/Abstract_ItemTemplate_Foodstuff.prefab | Assets/Data/Templates/Items/ItemTemplates/AbstractTypes/Consumable/Partial/Abstract_ItemTemplate_Consumable.prefab,Eat,1c2da8428b5a74142b93ed84593676a9,Assets/Data/Templates/SkillGraphs/Consumable/Prefabs/Consumable_ApplyStatus_FoodHealForDuration.prefab,0.44999998807907104,30.0,13.499999642372131,HealthRegen,Assets/Data/Templates/Items/ItemTemplates/CraftingResults/Cooking/Generic/ItemTemplate_Cooking_Generic_Foodstuff_2.prefab
food,normal,ItemTemplate_Cooking_Generic_Foodstuff_3,item_craftingresults_cooking_Foodstuff,Undercooked Food,,,NameSkill_Consumable_FoodHealForDurationDesc,Restores [HealValue] health over [DurationCalculated]s.,item:edible,Assets/Data/Templates/Items/ItemTemplates/AbstractTypes/Consumable/Partial/Abstract_ItemTemplate_Foodstuff.prefab | Assets/Data/Templates/Items/ItemTemplates/AbstractTypes/Consumable/Partial/Abstract_ItemTemplate_Consumable.prefab,Eat,1c2da8428b5a74142b93ed84593676a9,Assets/Data/Templates/SkillGraphs/Consumable/Prefabs/Consumable_ApplyStatus_FoodHealForDuration.prefab,0.550000011920929,30.0,16.50000035762787,HealthRegen,Assets/Data/Templates/Items/ItemTemplates/CraftingResults/Cooking/Generic/ItemTemplate_Cooking_Generic_Foodstuff_3.prefab
food,normal,ItemTemplate_Cooking_Generic_Foodstuff_4,item_craftingresults_cooking_Foodstuff,Undercooked Food,,,NameSkill_Consumable_FoodHealForDurationDesc,Restores [HealValue] health over [DurationCalculated]s.,item:edible,Assets/Data/Templates/Items/ItemTemplates/AbstractTypes/Consumable/Partial/Abstract_ItemTemplate_Foodstuff.prefab | Assets/Data/Templates/Items/ItemTemplates/AbstractTypes/Consumable/Partial/Abstract_ItemTemplate_Consumable.prefab,Eat,1c2da8428b5a74142b93ed84593676a9,Assets/Data/Templates/SkillGraphs/Consumable/Prefabs/Consumable_ApplyStatus_FoodHealForDuration.prefab,0.699999988079071,30.0,20.99999964237213,HealthRegen,Assets/Data/Templates/Items/ItemTemplates/CraftingResults/Cooking/Generic/ItemTemplate_Cooking_Generic_Foodstuff_4.prefab
food,normal,ItemTemplate_Cooking_Generic_Foodstuff_5,item_craftingresults_cooking_Foodstuff,Undercooked Food,,,NameSkill_Consumable_FoodHealForDurationDesc,Restores [HealValue] health over [DurationCalculated]s.,item:edible,Assets/Data/Templates/Items/ItemTemplates/AbstractTypes/Consumable/Partial/Abstract_ItemTemplate_Foodstuff.prefab | Assets/Data/Templates/Items/ItemTemplates/AbstractTypes/Consumable/Partial/Abstract_ItemTemplate_Consumable.prefab,Eat,1c2da8428b5a74142b93ed84593676a9,Assets/Data/Templates/SkillGraphs/Consumable/Prefabs/Consumable_ApplyStatus_FoodHealForDuration.prefab,0.800000011920929,30.0,24.00000035762787,HealthRegen,Assets/Data/Templates/Items/ItemTemplates/CraftingResults/Cooking/Generic/ItemTemplate_Cooking_Generic_Foodstuff_5.prefab
food,normal,ItemTemplate_Cooking_Generic_Foodstuff_Delicious_1,item_craftingresults_cooking_Foodstuff_Delicious,Delicious Food,,,NameSkill_Consumable_FoodHealForDurationDesc,Restores [HealValue] health over [DurationCalculated]s.,item:edible,Assets/Data/Templates/Items/ItemTemplates/AbstractTypes/Consumable/Partial/Abstract_ItemTemplate_Foodstuff.prefab | Assets/Data/Templates/Items/ItemTemplates/AbstractTypes/Consumable/Partial/Abstract_ItemTemplate_Consumable.prefab,Eat,1c2da8428b5a74142b93ed84593676a9,Assets/Data/Templates/SkillGraphs/Consumable/Prefabs/Consumable_ApplyStatus_FoodHealForDuration.prefab,2.200000047683716,30.0,66.00000143051147,HealthRegen,Assets/Data/Templates/Items/ItemTemplates/CraftingResults/Cooking/Generic/ItemTemplate_Cooking_Generic_Foodstuff_Delicious_1.prefab
food,normal,ItemTemplate_Cooking_Generic_Foodstuff_Delicious_2,item_craftingresults_cooking_Foodstuff_Delicious,Delicious Food,,,NameSkill_Consumable_FoodHealForDurationDesc,Restores [HealValue] health over [DurationCalculated]s.,item:edible,Assets/Data/Templates/Items/ItemTemplates/AbstractTypes/Consumable/Partial/Abstract_ItemTemplate_Foodstuff.prefab | Assets/Data/Templates/Items/ItemTemplates/AbstractTypes/Consumable/Partial/Abstract_ItemTemplate_Consumable.prefab,Eat,1c2da8428b5a74142b93ed84593676a9,Assets/Data/Templates/SkillGraphs/Consumable/Prefabs/Consumable_ApplyStatus_FoodHealForDuration.prefab,0.5,30.0,15.0,HealthRegen,Assets/Data/Templates/Items/ItemTemplates/CraftingResults/Cooking/Generic/ItemTemplate_Cooking_Generic_Foodstuff_Delicious_2.prefab
food,normal,ItemTemplate_Cooking_Generic_Foodstuff_Delicious_3,item_craftingresults_cooking_Foodstuff_Delicious,Delicious Food,,,NameSkill_Consumable_FoodHealForDurationDesc,Restores [HealValue] health over [DurationCalculated]s.,item:edible,Assets/Data/Templates/Items/ItemTemplates/AbstractTypes/Consumable/Partial/Abstract_ItemTemplate_Foodstuff.prefab | Assets/Data/Templates/Items/ItemTemplates/AbstractTypes/Consumable/Partial/Abstract_ItemTemplate_Consumable.prefab,Eat,1c2da8428b5a74142b93ed84593676a9,Assets/Data/Templates/SkillGraphs/Consumable/Prefabs/Consumable_ApplyStatus_FoodHealForDuration.prefab,2.6500000953674316,30.0,79.50000286102295,HealthRegen,Assets/Data/Templates/Items/ItemTemplates/CraftingResults/Cooking/Generic/ItemTemplate_Cooking_Generic_Foodstuff_Delicious_3.prefab
food,normal,ItemTemplate_Cooking_Generic_Foodstuff_Delicious_4,item_craftingresults_cooking_Foodstuff_Delicious,Delicious Food,,,NameSkill_Consumable_FoodHealForDurationDesc,Restores [HealValue] health over [DurationCalculated]s.,item:edible,Assets/Data/Templates/Items/ItemTemplates/AbstractTypes/Consumable/Partial/Abstract_ItemTemplate_Foodstuff.prefab | Assets/Data/Templates/Items/ItemTemplates/AbstractTypes/Consumable/Partial/Abstract_ItemTemplate_Consumable.prefab,Eat,1c2da8428b5a74142b93ed84593676a9,Assets/Data/Templates/SkillGraphs/Consumable/Prefabs/Consumable_ApplyStatus_FoodHealForDuration.prefab,3.0,30.0,90.0,HealthRegen,Assets/Data/Templates/Items/ItemTemplates/CraftingResults/Cooking/Generic/ItemTemplate_Cooking_Generic_Foodstuff_Delicious_4.prefab
food,normal,ItemTemplate_Cooking_Generic_Foodstuff_Tasty_1,item_craftingresults_cooking_Foodstuff_Tasty,Tasty Food,,,NameSkill_Consumable_FoodHealForDurationDesc,Restores [HealValue] health over [DurationCalculated]s.,item:edible,Assets/Data/Templates/Items/ItemTemplates/AbstractTypes/Consumable/Partial/Abstract_ItemTemplate_Foodstuff.prefab | Assets/Data/Templates/Items/ItemTemplates/AbstractTypes/Consumable/Partial/Abstract_ItemTemplate_Consumable.prefab,Eat,1c2da8428b5a74142b93ed84593676a9,Assets/Data/Templates/SkillGraphs/Consumable/Prefabs/Consumable_ApplyStatus_FoodHealForDuration.prefab,1.0,30.0,30.0,HealthRegen,Assets/Data/Templates/Items/ItemTemplates/CraftingResults/Cooking/Generic/ItemTemplate_Cooking_Generic_Foodstuff_Tasty_1.prefab
food,normal,ItemTemplate_Cooking_Generic_Foodstuff_Tasty_2,item_craftingresults_cooking_Foodstuff_Tasty,Tasty Food,,,NameSkill_Consumable_FoodHealForDurationDesc,Restores [HealValue] health over [DurationCalculated]s.,item:edible,Assets/Data/Templates/Items/ItemTemplates/AbstractTypes/Consumable/Partial/Abstract_ItemTemplate_Foodstuff.prefab | Assets/Data/Templates/Items/ItemTemplates/AbstractTypes/Consumable/Partial/Abstract_ItemTemplate_Consumable.prefab,Eat,1c2da8428b5a74142b93ed84593676a9,Assets/Data/Templates/SkillGraphs/Consumable/Prefabs/Consumable_ApplyStatus_FoodHealForDuration.prefab,1.2000000476837158,30.0,36.000001430511475,HealthRegen,Assets/Data/Templates/Items/ItemTemplates/CraftingResults/Cooking/Generic/ItemTemplate_Cooking_Generic_Foodstuff_Tasty_2.prefab
food,normal,ItemTemplate_Cooking_Generic_Foodstuff_Tasty_3,item_craftingresults_cooking_Foodstuff_Tasty,Tasty Food,,,NameSkill_Consumable_FoodHealForDurationDesc,Restores [HealValue] health over [DurationCalculated]s.,item:edible,Assets/Data/Templates/Items/ItemTemplates/AbstractTypes/Consumable/Partial/Abstract_ItemTemplate_Foodstuff.prefab | Assets/Data/Templates/Items/ItemTemplates/AbstractTypes/Consumable/Partial/Abstract_ItemTemplate_Consumable.prefab,Eat,1c2da8428b5a74142b93ed84593676a9,Assets/Data/Templates/SkillGraphs/Consumable/Prefabs/Consumable_ApplyStatus_FoodHealForDuration.prefab,1.399999976158142,30.0,41.99999928474426,HealthRegen,Assets/Data/Templates/Items/ItemTemplates/CraftingResults/Cooking/Generic/ItemTemplate_Cooking_Generic_Foodstuff_Tasty_3.prefab
food,normal,ItemTemplate_Cooking_Generic_Foodstuff_Tasty_4,item_craftingresults_cooking_Foodstuff_Tasty,Tasty Food,,,NameSkill_Consumable_FoodHealForDurationDesc,Restores [HealValue] health over [DurationCalculated]s.,item:edible,Assets/Data/Templates/Items/ItemTemplates/AbstractTypes/Consumable/Partial/Abstract_ItemTemplate_Foodstuff.prefab | Assets/Data/Templates/Items/ItemTemplates/AbstractTypes/Consumable/Partial/Abstract_ItemTemplate_Consumable.prefab,Eat,1c2da8428b5a74142b93ed84593676a9,Assets/Data/Templates/SkillGraphs/Consumable/Prefabs/Consumable_ApplyStatus_FoodHealForDuration.prefab,1.600000023841858,30.0,48.00000071525574,HealthRegen,Assets/Data/Templates/Items/ItemTemplates/CraftingResults/Cooking/Generic/ItemTemplate_Cooking_Generic_Foodstuff_Tasty_4.prefab
food,normal,ItemTemplate_Cooking_Generic_Foodstuff_Tasty_5,item_craftingresults_cooking_Foodstuff_Tasty,Tasty Food,,,NameSkill_Consumable_FoodHealForDurationDesc,Restores [HealValue] health over [DurationCalculated]s.,item:edible,Assets/Data/Templates/Items/ItemTemplates/AbstractTypes/Consumable/Partial/Abstract_ItemTemplate_Foodstuff.prefab | Assets/Data/Templates/Items/ItemTemplates/AbstractTypes/Consumable/Partial/Abstract_ItemTemplate_Consumable.prefab,Eat,1c2da8428b5a74142b93ed84593676a9,Assets/Data/Templates/SkillGraphs/Consumable/Prefabs/Consumable_ApplyStatus_FoodHealForDuration.prefab,1.7999999523162842,30.0,53.999998569488525,HealthRegen,Assets/Data/Templates/Items/ItemTemplates/CraftingResults/Cooking/Generic/ItemTemplate_Cooking_Generic_Foodstuff_Tasty_5.prefab
food,normal,ItemTemplate_Cooking_ZZZ_Generic_CookedFruits,item_craftingresults_cooking_CookedFruits,Cooked Fruits,,,NameSkill_Consumable_FoodHealForDurationDesc,Restores [HealValue] health over [DurationCalculated]s.,item:edible,Assets/Data/Templates/Items/ItemTemplates/AbstractTypes/Consumable/Partial/Abstract_ItemTemplate_Foodstuff.prefab | Assets/Data/Templates/Items/ItemTemplates/AbstractTypes/Consumable/Partial/Abstract_ItemTemplate_Consumable.prefab,Eat,1c2da8428b5a74142b93ed84593676a9 | d6b5b990cd4a1064ab940dda37b9b2c0,Assets/Data/Templates/SkillGraphs/Consumable/Prefabs/Consumable_ApplyStatus_FoodHealForDuration.prefab | Assets/Data/Templates/SkillGraphs/Consumable/Prefabs/Consumable_Overeat.prefab,1.100000023841858,10.0,11.000000238418579,HealthRegen,Assets/Data/Templates/Items/ItemTemplates/CraftingResults/Cooking/Fallbacks/ItemTemplate_Cooking_ZZZ_Generic_CookedFruits.prefab
food,normal,ItemTemplate_Cooking_ZZZ_Generic_CookedMeat,item_craftingresults_cooking_CookedMeat,Cooked Meat,,,NameSkill_Consumable_FoodHealForDurationDesc,Restores [HealValue] health over [DurationCalculated]s.,item:edible,Assets/Data/Templates/Items/ItemTemplates/AbstractTypes/Consumable/Partial/Abstract_ItemTemplate_Foodstuff.prefab | Assets/Data/Templates/Items/ItemTemplates/AbstractTypes/Consumable/Partial/Abstract_ItemTemplate_Consumable.prefab,Eat,1c2da8428b5a74142b93ed84593676a9 | d6b5b990cd4a1064ab940dda37b9b2c0,Assets/Data/Templates/SkillGraphs/Consumable/Prefabs/Consumable_ApplyStatus_FoodHealForDuration.prefab | Assets/Data/Templates/SkillGraphs/Consumable/Prefabs/Consumable_Overeat.prefab,1.100000023841858,10.0,11.000000238418579,HealthRegen,Assets/Data/Templates/Items/ItemTemplates/CraftingResults/Cooking/Fallbacks/ItemTemplate_Cooking_ZZZ_Generic_CookedMeat.prefab
food,normal,ItemTemplate_Cooking_ZZZ_Generic_CookedSeafood,item_craftingresults_cooking_CookedSeafood,Cooked Seafood,,,NameSkill_Consumable_FoodHealForDurationDesc,Restores [HealValue] health over [DurationCalculated]s.,item:edible,Assets/Data/Templates/Items/ItemTemplates/AbstractTypes/Consumable/Partial/Abstract_ItemTemplate_Foodstuff.prefab | Assets/Data/Templates/Items/ItemTemplates/AbstractTypes/Consumable/Partial/Abstract_ItemTemplate_Consumable.prefab,Eat,1c2da8428b5a74142b93ed84593676a9 | d6b5b990cd4a1064ab940dda37b9b2c0,Assets/Data/Templates/SkillGraphs/Consumable/Prefabs/Consumable_ApplyStatus_FoodHealForDuration.prefab | Assets/Data/Templates/SkillGraphs/Consumable/Prefabs/Consumable_Overeat.prefab,1.100000023841858,10.0,11.000000238418579,HealthRegen,Assets/Data/Templates/Items/ItemTemplates/CraftingResults/Cooking/Fallbacks/ItemTemplate_Cooking_ZZZ_Generic_CookedSeafood.prefab
food,normal,ItemTemplate_Cooking_ZZZ_Generic_CookedVegetable,item_craftingresults_cooking_CookedVegetable,Cooked Vegetable,,,NameSkill_Consumable_FoodHealForDurationDesc,Restores [HealValue] health over [DurationCalculated]s.,item:edible,Assets/Data/Templates/Items/ItemTemplates/AbstractTypes/Consumable/Partial/Abstract_ItemTemplate_Foodstuff.prefab | Assets/Data/Templates/Items/ItemTemplates/AbstractTypes/Consumable/Partial/Abstract_ItemTemplate_Consumable.prefab,Eat,1c2da8428b5a74142b93ed84593676a9 | d6b5b990cd4a1064ab940dda37b9b2c0,Assets/Data/Templates/SkillGraphs/Consumable/Prefabs/Consumable_ApplyStatus_FoodHealForDuration.prefab | Assets/Data/Templates/SkillGraphs/Consumable/Prefabs/Consumable_Overeat.prefab,1.100000023841858,10.0,11.000000238418579,HealthRegen,Assets/Data/Templates/Items/ItemTemplates/CraftingResults/Cooking/Fallbacks/ItemTemplate_Cooking_ZZZ_Generic_CookedVegetable.prefab
food,normal,ItemTemplate_Cooking_ZZZ_Generic_Trash,item_craftingresults_cooking_Slop,Inedible Slop,,,Template/description_locString_2543871262668956605_c68e95cabfc4dc34aade52d6da7069fc,,,,Eat,d6b5b990cd4a1064ab940dda37b9b2c0,Assets/Data/Templates/SkillGraphs/Consumable/Prefabs/Consumable_Overeat.prefab,,,,,Assets/Data/Templates/Items/ItemTemplates/CraftingResults/Cooking/ItemTemplate_Cooking_ZZZ_Generic_Trash.prefab
food,normal,ItemTemplate_Crafting_Alchemy_Ale,item_crafting_cooking_food_Ale,Ale,,,Template/description_locString_2543871262668956605_33a0cb9259582ab4085c2d454515e4f0,Consumption leads to insobriety.,alchemy:alcohol | item:alcohol | ingredients:basicalchemy,Assets/Data/Templates/Items/ItemTemplates/CraftingIngredients/Cooking/Abstract/Abstract_ItemTemplate_Crafting_Alcohol.prefab | Assets/Data/Templates/Items/ItemTemplates/CraftingIngredients/Cooking/Abstract/Abstract_ItemTemplate_Crafting_Ingredient.prefab,Eat,6219faf0de359c24894f4d983ee7d636,Assets/Data/Templates/SkillGraphs/Consumable/Prefabs/Consumable_ApplyStatus_Drunk.prefab,,,,Mana,Assets/Data/Templates/Items/ItemTemplates/CraftingIngredients/Alchemy/Alcohol/ItemTemplate_Crafting_Alchemy_Ale.prefab
food,normal,ItemTemplate_Crafting_Alchemy_Bloodclot,item_crafting_cooking_food_Bloodclot,Bloodclot,Template/flavor_locString_2543871262668956605_c519f05667275fe478b4711a732ecacd,,Template/description_locString_2543871262668956605_c519f05667275fe478b4711a732ecacd,Lose [HealValueCalculated] [StatEnum].,alchemy:AnimalComp | ingredients:advancedalchemy | craft:special,Assets/Data/Templates/Items/ItemTemplates/CraftingIngredients/Cooking/Abstract/Abstract_ItemTemplate_Crafting_AnimalComp.prefab | Assets/Data/Templates/Items/ItemTemplates/CraftingIngredients/Cooking/Abstract/Abstract_ItemTemplate_Crafting_Blood.prefab | Assets/Data/Templates/Items/ItemTemplates/CraftingIngredients/Cooking/Abstract/Abstract_ItemTemplate_Crafting_Ingredient.prefab,Eat,82278c6dc0202b6468f0a10d763255d5,Assets/Data/Templates/SkillGraphs/Consumable/Prefabs/Consumable_LoseStatFlat.prefab,,,,Health,Assets/Data/Templates/Items/ItemTemplates/CraftingIngredients/Alchemy/AnimalComp/ItemTemplate_Crafting_Alchemy_Bloodclot.prefab
food,normal,ItemTemplate_Crafting_Alchemy_Brain,item_crafting_alchemy_living_Brain_Normal,Brain,Template/flavor_locString_2543871262668956605_25fec1096702b6248ba146603ef5322b,,Template/description_locString_2543871262668956605_25fec1096702b6248ba146603ef5322b,"Restores [HealValue] health over [Duration]s.
Restores [HealPercent]% [StatEnum_1] over [Duration]s.",alchemy:AnimalComp | ingredients:advancedalchemy,Assets/Data/Templates/Items/ItemTemplates/CraftingIngredients/Cooking/Abstract/Abstract_ItemTemplate_Crafting_Brain.prefab | Assets/Data/Templates/Items/ItemTemplates/CraftingIngredients/Cooking/Abstract/Abstract_ItemTemplate_Crafting_AnimalComp.prefab | Assets/Data/Templates/Items/ItemTemplates/CraftingIngredients/Cooking/Abstract/Abstract_ItemTemplate_Crafting_Ingredient.prefab,Eat,1c2da8428b5a74142b93ed84593676a9 | 6495d656ed8f3484db64390c0898302e,Assets/Data/Templates/SkillGraphs/Consumable/Prefabs/Consumable_ApplyStatus_FoodHealForDuration.prefab | Assets/Data/Templates/SkillGraphs/Consumable/Prefabs/Consumable_ApplyStatus_HealOverTimeStatusPercentOfMax_NonUpgradable.prefab,0.5,10.0 | 10.0,5.0,HealthRegen | Mana | MaxMana,Assets/Data/Templates/Items/ItemTemplates/CraftingIngredients/Alchemy/AnimalComp/ItemTemplate_Crafting_Alchemy_Brain.prefab
food,normal,ItemTemplate_Crafting_Alchemy_Brandy,item_craftingresults_cooking_Brandy,Whisky,,,Template/description_locString_2543871262668956605_1828b3c545c6db2468591868a8a097ab,Consumption leads to inebriation.,alchemy:alcohol | item:alcohol | ingredients:basicalchemy,Assets/Data/Templates/Items/ItemTemplates/CraftingIngredients/Cooking/Abstract/Abstract_ItemTemplate_Crafting_Alcohol.prefab | Assets/Data/Templates/Items/ItemTemplates/CraftingIngredients/Cooking/Abstract/Abstract_ItemTemplate_Crafting_Ingredient.prefab,Eat,6219faf0de359c24894f4d983ee7d636,Assets/Data/Templates/SkillGraphs/Consumable/Prefabs/Consumable_ApplyStatus_Drunk.prefab,,,,Mana,Assets/Data/Templates/Items/ItemTemplates/CraftingIngredients/Alchemy/Alcohol/ItemTemplate_Crafting_Alchemy_Brandy.prefab
food,normal,ItemTemplate_Crafting_Alchemy_Brittlegill,item_crafting_cooking_food_Brittlegill ,Brittlegill,,,NameSkill_Consumable_FoodHealForDurationDesc,Restores [HealValue] health over [DurationCalculated]s.,alchemy:mushroom | ingredients:basicalchemy,Assets/Data/Templates/Items/ItemTemplates/CraftingIngredients/Cooking/Abstract/Abstract_ItemTemplate_Crafting_Mushroom.prefab | Assets/Data/Templates/Items/ItemTemplates/CraftingIngredients/Cooking/Abstract/Abstract_ItemTemplate_Crafting_Ingredient.prefab,Eat,1c2da8428b5a74142b93ed84593676a9,Assets/Data/Templates/SkillGraphs/Consumable/Prefabs/Consumable_ApplyStatus_FoodHealForDuration.prefab,0.6000000238418579,10.0,6.000000238418579,HealthRegen,Assets/Data/Templates/Items/ItemTemplates/CraftingIngredients/Alchemy/Mushroom/ItemTemplate_Crafting_Alchemy_Brittlegill.prefab
food,normal,ItemTemplate_Crafting_Alchemy_BurdockRoot,item_crafting_cooking_food_BurdockRoot,Burdock Root,Template/flavor_locString_2543871262668956605_edad7eed355a9c94985dd83f0be00b55,,Consumable_FoodManaForDurationDesc,Restores [HealValue] mana over [Duration]s.,ingredients:basicalchemy | alchemy:herbs | ingredients:herbs,Assets/Data/Templates/Items/ItemTemplates/CraftingIngredients/Cooking/Abstract/Abstract_ItemTemplate_Crafting_Herbs.prefab | Assets/Data/Templates/Items/ItemTemplates/CraftingIngredients/Cooking/Abstract/Abstract_ItemTemplate_Crafting_Ingredient.prefab,Eat,1c2da8428b5a74142b93ed84593676a9,Assets/Data/Templates/SkillGraphs/Consumable/Prefabs/Consumable_ApplyStatus_FoodHealForDuration.prefab,1.0,10.0,10.0,ManaRegen,Assets/Data/Templates/Items/ItemTemplates/CraftingIngredients/Alchemy/Herbs/ItemTemplate_Crafting_Alchemy_BurdockRoot.prefab
food,normal,ItemTemplate_Crafting_Alchemy_Carnation,item_crafting_cooking_food_Carnation,Carnation,,,NameSkill_Consumable_FoodHealForDurationDesc,Restores [HealValue] health over [DurationCalculated]s.,alchemy:herbs | ingredients:herbs | ingredients:basicalchemy,Assets/Data/Templates/Items/ItemTemplates/CraftingIngredients/Cooking/Abstract/Abstract_ItemTemplate_Crafting_Herbs.prefab | Assets/Data/Templates/Items/ItemTemplates/CraftingIngredients/Cooking/Abstract/Abstract_ItemTemplate_Crafting_Ingredient.prefab,Eat,1c2da8428b5a74142b93ed84593676a9,Assets/Data/Templates/SkillGraphs/Consumable/Prefabs/Consumable_ApplyStatus_FoodHealForDuration.prefab,1.5,10.0,15.0,HealthRegen,Assets/Data/Templates/Items/ItemTemplates/CraftingIngredients/Alchemy/Herbs/ItemTemplate_Crafting_Alchemy_Carnation.prefab
food,normal,ItemTemplate_Crafting_Alchemy_Chanterelle,item_crafting_cooking_food_Chanterelle,Chanterelle,,,Consumable_FoodManaForDurationDesc,Restores [HealValue] mana over [Duration]s.,alchemy:mushroom | ingredients:basicalchemy,Assets/Data/Templates/Items/ItemTemplates/CraftingIngredients/Cooking/Abstract/Abstract_ItemTemplate_Crafting_Mushroom.prefab | Assets/Data/Templates/Items/ItemTemplates/CraftingIngredients/Cooking/Abstract/Abstract_ItemTemplate_Crafting_Ingredient.prefab,Eat,1c2da8428b5a74142b93ed84593676a9,Assets/Data/Templates/SkillGraphs/Consumable/Prefabs/Consumable_ApplyStatus_FoodHealForDuration.prefab,0.6000000238418579,10.0,6.000000238418579,ManaRegen,Assets/Data/Templates/Items/ItemTemplates/CraftingIngredients/Alchemy/Mushroom/ItemTemplate_Crafting_Alchemy_Chanterelle.prefab
food,normal,ItemTemplate_Crafting_Alchemy_Cider,item_craftingresults_cooking_Cider,Cider,,,Template/description_locString_2543871262668956605_72a7d6ae581ff324c90e5de5cde604a5,Consumption leads to inebriation.,alchemy:alcohol | item:alcohol | ingredients:basicalchemy,Assets/Data/Templates/Items/ItemTemplates/CraftingIngredients/Cooking/Abstract/Abstract_ItemTemplate_Crafting_Alcohol.prefab | Assets/Data/Templates/Items/ItemTemplates/CraftingIngredients/Cooking/Abstract/Abstract_ItemTemplate_Crafting_Ingredient.prefab,Eat,6219faf0de359c24894f4d983ee7d636,Assets/Data/Templates/SkillGraphs/Consumable/Prefabs/Consumable_ApplyStatus_Drunk.prefab,,,,Mana,Assets/Data/Templates/Items/ItemTemplates/CraftingIngredients/Alchemy/Alcohol/ItemTemplate_Crafting_Alchemy_Cider.prefab
food,normal,ItemTemplate_Crafting_Alchemy_Daffodil,item_crafting_cooking_food_Daffodil,Daffodil,,,NameSkill_Consumable_FoodHealForDurationDesc,Restores [HealValue] health over [DurationCalculated]s.,alchemy:herbs | ingredients:herbs | ingredients:basicalchemy,Assets/Data/Templates/Items/ItemTemplates/CraftingIngredients/Cooking/Abstract/Abstract_ItemTemplate_Crafting_Herbs.prefab | Assets/Data/Templates/Items/ItemTemplates/CraftingIngredients/Cooking/Abstract/Abstract_ItemTemplate_Crafting_Ingredient.prefab,Eat,1c2da8428b5a74142b93ed84593676a9,Assets/Data/Templates/SkillGraphs/Consumable/Prefabs/Consumable_ApplyStatus_FoodHealForDuration.prefab,0.5,10.0,5.0,HealthRegen,Assets/Data/Templates/Items/ItemTemplates/CraftingIngredients/Alchemy/Herbs/ItemTemplate_Crafting_Alchemy_Daffodil.prefab
food,normal,ItemTemplate_Crafting_Alchemy_DevilsSnare,item_crafting_cooking_food_DevilsSnare,Devils Snare,,,Consumable_FoodManaForDurationDesc,Restores [HealValue] mana over [Duration]s.,alchemy:herbs | ingredients:herbs | ingredients:basicalchemy,Assets/Data/Templates/Items/ItemTemplates/CraftingIngredients/Cooking/Abstract/Abstract_ItemTemplate_Crafting_Herbs.prefab | Assets/Data/Templates/Items/ItemTemplates/CraftingIngredients/Cooking/Abstract/Abstract_ItemTemplate_Crafting_Ingredient.prefab,Eat,1c2da8428b5a74142b93ed84593676a9,Assets/Data/Templates/SkillGraphs/Consumable/Prefabs/Consumable_ApplyStatus_FoodHealForDuration.prefab,2.0,10.0,20.0,ManaRegen,Assets/Data/Templates/Items/ItemTemplates/CraftingIngredients/Alchemy/Herbs/ItemTemplate_Crafting_Alchemy_DevilsSnare.prefab
food,normal,ItemTemplate_Crafting_Alchemy_Etherbloom,item_crafting_cooking_food_Etherbloom,Etherbloom,,,Consumable_FoodManaForDurationDesc,Restores [HealValue] mana over [Duration]s.,alchemy:herbs | ingredients:herbs | ingredients:basicalchemy,Assets/Data/Templates/Items/ItemTemplates/CraftingIngredients/Cooking/Abstract/Abstract_ItemTemplate_Crafting_Herbs.prefab | Assets/Data/Templates/Items/ItemTemplates/CraftingIngredients/Cooking/Abstract/Abstract_ItemTemplate_Crafting_Ingredient.prefab,Eat,1c2da8428b5a74142b93ed84593676a9,Assets/Data/Templates/SkillGraphs/Consumable/Prefabs/Consumable_ApplyStatus_FoodHealForDuration.prefab,1.5,10.0,15.0,ManaRegen,Assets/Data/Templates/Items/ItemTemplates/CraftingIngredients/Alchemy/Herbs/ItemTemplate_Crafting_Alchemy_Etherbloom.prefab
food,normal,ItemTemplate_Crafting_Alchemy_Fine_Wine,item_craftingresults_cooking_FineWine,Fine Wine,,,Template/description_locString_2543871262668956605_64141b6fc1102e5499eee571cb2dd5cc,,,Assets/Data/Templates/Items/ItemTemplates/CraftingIngredients/Cooking/Abstract/Abstract_ItemTemplate_Crafting_Alcohol.prefab | Assets/Data/Templates/Items/ItemTemplates/CraftingIngredients/Cooking/Abstract/Abstract_ItemTemplate_Crafting_Ingredient.prefab,Eat,6219faf0de359c24894f4d983ee7d636 | 7191459edbd5a2f4d8d9c324f5f105ad,Assets/Data/Templates/SkillGraphs/Consumable/Prefabs/Consumable_ApplyStatus_Drunk.prefab | Assets/Data/Templates/SkillGraphs/Consumable/Prefabs/Consumable_ApplyStatus_StatIncreaseForDuration.prefab,3.0,60.0,180.0,Mana | Practicality,Assets/Data/Templates/Items/ItemTemplates/CraftingIngredients/Alchemy/Alcohol/Special/ItemTemplate_Crafting_Alchemy_Fine_Wine.prefab
food,normal,ItemTemplate_Crafting_Alchemy_FishEye,item_crafting_cooking_food_FishEye,Fish Eye,,,NameSkill_Consumable_IncreaseStatFlatDesc,Increases [StatEnum] by [AddValueCalculated] for [DurationCalculated_0]s.,alchemy:AnimalComp | ingredients:advancedalchemy,Assets/Data/Templates/Items/ItemTemplates/CraftingIngredients/Cooking/Abstract/Abstract_ItemTemplate_Crafting_AnimalComp.prefab | Assets/Data/Templates/Items/ItemTemplates/CraftingIngredients/Cooking/Abstract/Abstract_ItemTemplate_Crafting_Ingredient.prefab,Eat,7191459edbd5a2f4d8d9c324f5f105ad,Assets/Data/Templates/SkillGraphs/Consumable/Prefabs/Consumable_ApplyStatus_StatIncreaseForDuration.prefab,5.0,60.0,300.0,Endurance,Assets/Data/Templates/Items/ItemTemplates/CraftingIngredients/Alchemy/AnimalComp/ItemTemplate_Crafting_Alchemy_FishEye.prefab
food,normal,ItemTemplate_Crafting_Alchemy_FishEye 1,item_crafting_cooking_food_FishEye,Fish Eye,,,NameSkill_Consumable_IncreaseStatFlatDesc,Increases [StatEnum] by [AddValueCalculated] for [DurationCalculated_0]s.,alchemy:AnimalComp | ingredients:advancedalchemy,Assets/Data/Templates/Items/ItemTemplates/CraftingIngredients/Cooking/Abstract/Abstract_ItemTemplate_Crafting_AnimalComp.prefab | Assets/Data/Templates/Items/ItemTemplates/CraftingIngredients/Cooking/Abstract/Abstract_ItemTemplate_Crafting_Ingredient.prefab,Eat,7191459edbd5a2f4d8d9c324f5f105ad,Assets/Data/Templates/SkillGraphs/Consumable/Prefabs/Consumable_ApplyStatus_StatIncreaseForDuration.prefab,5.0,60.0,300.0,Endurance,Assets/Data/Templates/Items/ItemTemplates/CraftingIngredients/Alchemy/AnimalComp/ItemTemplate_Crafting_Alchemy_FishEye 1.prefab
food,normal,ItemTemplate_Crafting_Alchemy_Grog,item_craftingresults_cooking_Grog,Grog,,,Template/description_locString_2543871262668956605_bc8223ff8c352d54eaa5bcf184f08c87,,alchemy:alcohol | item:alcohol | ingredients:basicalchemy,Assets/Data/Templates/Items/ItemTemplates/CraftingIngredients/Cooking/Abstract/Abstract_ItemTemplate_Crafting_Alcohol.prefab | Assets/Data/Templates/Items/ItemTemplates/CraftingIngredients/Cooking/Abstract/Abstract_ItemTemplate_Crafting_Ingredient.prefab,Eat,6219faf0de359c24894f4d983ee7d636,Assets/Data/Templates/SkillGraphs/Consumable/Prefabs/Consumable_ApplyStatus_Drunk.prefab,,,,Mana,Assets/Data/Templates/Items/ItemTemplates/CraftingIngredients/Alchemy/Alcohol/ItemTemplate_Crafting_Alchemy_Grog.prefab
food,normal,ItemTemplate_Crafting_Alchemy_HealingButterfly,item_crafing_alchemy_animalcomponent_HealingButterfly,Healing Butterfly,,,description_generic_restorestat,Restores [HealValueCalculated] [StatEnum].,alchemy:AnimalComp | ingredients:advancedalchemy,Assets/Data/Templates/Items/ItemTemplates/CraftingIngredients/Cooking/Abstract/Abstract_ItemTemplate_Crafting_AnimalComp.prefab | Assets/Data/Templates/Items/ItemTemplates/CraftingIngredients/Cooking/Abstract/Abstract_ItemTemplate_Crafting_Ingredient.prefab,Eat,acd627b35fa17234aa6b00ea69faf646,Assets/Data/Templates/SkillGraphs/Consumable/Prefabs/Consumable_HealStatFlat_NonUpgradable.prefab,,,,Health,Assets/Data/Templates/Items/ItemTemplates/CraftingIngredients/Alchemy/AnimalComp/ItemTemplate_Crafting_Alchemy_HealingButterfly.prefab
food,normal,ItemTemplate_Crafting_Alchemy_Heart,item_crafting_alchemy_living_Heart_Normal,Heart,Template/flavor_locString_2543871262668956605_38c6e42bc3d9a1b48af5687e0513bb59,,Template/description_locString_2543871262668956605_38c6e42bc3d9a1b48af5687e0513bb59,"Restores [HealValue] health over [Duration]s.
Increases [StatEnum_1] by [AddValueCalculated_1] for [DurationCalculated_1]s.",alchemy:AnimalComp | ingredients:advancedalchemy,Assets/Data/Templates/Items/ItemTemplates/CraftingIngredients/Cooking/Abstract/Abstract_ItemTemplate_Crafting_Heart.prefab | Assets/Data/Templates/Items/ItemTemplates/CraftingIngredients/Cooking/Abstract/Abstract_ItemTemplate_Crafting_AnimalComp.prefab | Assets/Data/Templates/Items/ItemTemplates/CraftingIngredients/Cooking/Abstract/Abstract_ItemTemplate_Crafting_Ingredient.prefab,Eat,1c2da8428b5a74142b93ed84593676a9 | 7191459edbd5a2f4d8d9c324f5f105ad,Assets/Data/Templates/SkillGraphs/Consumable/Prefabs/Consumable_ApplyStatus_FoodHealForDuration.prefab | Assets/Data/Templates/SkillGraphs/Consumable/Prefabs/Consumable_ApplyStatus_StatIncreaseForDuration.prefab,0.5 | 5.0,10.0 | 10.0,5.0 | 50.0,HealthRegen | MaxStamina,Assets/Data/Templates/Items/ItemTemplates/CraftingIngredients/Alchemy/AnimalComp/ItemTemplate_Crafting_Alchemy_Heart.prefab
food,normal,ItemTemplate_Crafting_Alchemy_KingTrumpet,item_crafting_cooking_food_KingTrumpet,King Trumpet,,,Consumable_FoodManaForDurationDesc,Restores [HealValue] mana over [Duration]s.,alchemy:mushroom | ingredients:basicalchemy,Assets/Data/Templates/Items/ItemTemplates/CraftingIngredients/Cooking/Abstract/Abstract_ItemTemplate_Crafting_Mushroom.prefab | Assets/Data/Templates/Items/ItemTemplates/CraftingIngredients/Cooking/Abstract/Abstract_ItemTemplate_Crafting_Ingredient.prefab,Eat,1c2da8428b5a74142b93ed84593676a9,Assets/Data/Templates/SkillGraphs/Consumable/Prefabs/Consumable_ApplyStatus_FoodHealForDuration.prefab,1.5,10.0,15.0,ManaRegen,Assets/Data/Templates/Items/ItemTemplates/CraftingIngredients/Alchemy/Mushroom/ItemTemplate_Crafting_Alchemy_KingTrumpet.prefab
food,normal,ItemTemplate_Crafting_Alchemy_Mandrake,item_crafting_cooking_food_Mandrake,Mandrake,,,Template/description_locString_2543871262668956605_a293117b7d34aa34fb8cf9d4efa138b8,Consumption leads to Suffering.,ingredients:advancedalchemy | alchemy:herbs | ingredients:herbs | craft:special,Assets/Data/Templates/Items/ItemTemplates/CraftingIngredients/Cooking/Abstract/Abstract_ItemTemplate_Crafting_Herbs.prefab | Assets/Data/Templates/Items/ItemTemplates/CraftingIngredients/Cooking/Abstract/Abstract_ItemTemplate_Crafting_Ingredient.prefab,Eat,a215be54d2d9dce48a86a2d2cc5fbf19,Assets/Data/Templates/SkillGraphs/Consumable/Prefabs/Consumable_ApplyStatus_Poison.prefab,,60.0,,,Assets/Data/Templates/Items/ItemTemplates/CraftingIngredients/Alchemy/Herbs/ItemTemplate_Crafting_Alchemy_Mandrake.prefab
food,normal,ItemTemplate_Crafting_Alchemy_Mead,item_craftingresults_cooking_Mead,Mead,,,Template/description_locString_2543871262668956605_80f3f41350dc1234897e8a615a0bcd1a,Consumption leads to inebriation.,alchemy:alcohol | item:alcohol | ingredients:basicalchemy,Assets/Data/Templates/Items/ItemTemplates/CraftingIngredients/Cooking/Abstract/Abstract_ItemTemplate_Crafting_Alcohol.prefab | Assets/Data/Templates/Items/ItemTemplates/CraftingIngredients/Cooking/Abstract/Abstract_ItemTemplate_Crafting_Ingredient.prefab,Eat,6219faf0de359c24894f4d983ee7d636,Assets/Data/Templates/SkillGraphs/Consumable/Prefabs/Consumable_ApplyStatus_Drunk.prefab,,,,Mana,Assets/Data/Templates/Items/ItemTemplates/CraftingIngredients/Alchemy/Alcohol/ItemTemplate_Crafting_Alchemy_Mead.prefab
food,normal,ItemTemplate_Crafting_Alchemy_Milkweed,item_crafting_cooking_food_Milkweed,Milkweed,,,Consumable_FoodManaForDurationDesc,Restores [HealValue] mana over [Duration]s.,alchemy:herbs | ingredients:herbs | ingredients:basicalchemy,Assets/Data/Templates/Items/ItemTemplates/CraftingIngredients/Cooking/Abstract/Abstract_ItemTemplate_Crafting_Herbs.prefab | Assets/Data/Templates/Items/ItemTemplates/CraftingIngredients/Cooking/Abstract/Abstract_ItemTemplate_Crafting_Ingredient.prefab,Eat,1c2da8428b5a74142b93ed84593676a9,Assets/Data/Templates/SkillGraphs/Consumable/Prefabs/Consumable_ApplyStatus_FoodHealForDuration.prefab,1.5,10.0,15.0,ManaRegen,Assets/Data/Templates/Items/ItemTemplates/CraftingIngredients/Alchemy/Herbs/ItemTemplate_Crafting_Alchemy_Milkweed.prefab
food,normal,ItemTemplate_Crafting_Alchemy_Mistletoe,item_crafting_cooking_food_Mistletoe,Mistletoe,,,NameSkill_Consumable_FoodHealForDurationDesc,Restores [HealValue] health over [DurationCalculated]s.,alchemy:herbs | ingredients:herbs | ingredients:basicalchemy,Assets/Data/Templates/Items/ItemTemplates/CraftingIngredients/Cooking/Abstract/Abstract_ItemTemplate_Crafting_Herbs.prefab | Assets/Data/Templates/Items/ItemTemplates/CraftingIngredients/Cooking/Abstract/Abstract_ItemTemplate_Crafting_Ingredient.prefab,Eat,1c2da8428b5a74142b93ed84593676a9,Assets/Data/Templates/SkillGraphs/Consumable/Prefabs/Consumable_ApplyStatus_FoodHealForDuration.prefab,0.30000001192092896,10.0,3.0000001192092896,HealthRegen,Assets/Data/Templates/Items/ItemTemplates/CraftingIngredients/Alchemy/Herbs/ItemTemplate_Crafting_Alchemy_Mistletoe.prefab
food,normal,ItemTemplate_Crafting_Alchemy_MonsterBlood,item_crafting_cooking_food_MonsterBlood,Monster Blood,Template/flavor_locString_2543871262668956605_789cc714247799441b071e018d6e83ee,,Template/description_locString_2543871262668956605_789cc714247799441b071e018d6e83ee,Lose [HealValueCalculated] [StatEnum].,alchemy:AnimalComp | ingredients:advancedalchemy | craft:special,Assets/Data/Templates/Items/ItemTemplates/CraftingIngredients/Cooking/Abstract/Abstract_ItemTemplate_Crafting_AnimalComp.prefab | Assets/Data/Templates/Items/ItemTemplates/CraftingIngredients/Cooking/Abstract/Abstract_ItemTemplate_Crafting_Blood.prefab | Assets/Data/Templates/Items/ItemTemplates/CraftingIngredients/Cooking/Abstract/Abstract_ItemTemplate_Crafting_Ingredient.prefab,Eat,82278c6dc0202b6468f0a10d763255d5,Assets/Data/Templates/SkillGraphs/Consumable/Prefabs/Consumable_LoseStatFlat.prefab,,,,Health,Assets/Data/Templates/Items/ItemTemplates/CraftingIngredients/Alchemy/AnimalComp/ItemTemplate_Crafting_Alchemy_MonsterBlood.prefab
food,normal,ItemTemplate_Crafting_Alchemy_MonsterBrain,item_crafting_alchemy_living_MonsterBrain_Normal,Monster Brain,Template/flavor_locString_2543871262668956605_cf36111f68cfc3a4f87ee1f063d800ed,,Template/description_locString_2543871262668956605_cf36111f68cfc3a4f87ee1f063d800ed,"Restores [HealValue] health over [Duration]s.
Restores [HealPercent]% of [StatEnum_1] over [DurationCalculated_0]s.",alchemy:AnimalComp | ingredients:advancedalchemy | craft:special,Assets/Data/Templates/Items/ItemTemplates/CraftingIngredients/Cooking/Abstract/Abstract_ItemTemplate_Crafting_Brain.prefab | Assets/Data/Templates/Items/ItemTemplates/CraftingIngredients/Cooking/Abstract/Abstract_ItemTemplate_Crafting_AnimalComp.prefab | Assets/Data/Templates/Items/ItemTemplates/CraftingIngredients/Cooking/Abstract/Abstract_ItemTemplate_Crafting_Ingredient.prefab,Eat,1c2da8428b5a74142b93ed84593676a9 | 6495d656ed8f3484db64390c0898302e,Assets/Data/Templates/SkillGraphs/Consumable/Prefabs/Consumable_ApplyStatus_FoodHealForDuration.prefab | Assets/Data/Templates/SkillGraphs/Consumable/Prefabs/Consumable_ApplyStatus_HealOverTimeStatusPercentOfMax_NonUpgradable.prefab,0.5,10.0 | 10.0,5.0,HealthRegen | Mana | MaxMana,Assets/Data/Templates/Items/ItemTemplates/CraftingIngredients/Alchemy/AnimalComp/ItemTemplate_Crafting_Alchemy_MonsterBrain.prefab
food,normal,ItemTemplate_Crafting_Alchemy_Moonshine,item_craftingresults_cooking_Vodka,Moonshine,,,Template/description_locString_2543871262668956605_957efb01a6fd6e64981172b5cb6f44f8,Consumption leads to inebriation.,alchemy:alcohol | item:alcohol | ingredients:basicalchemy,Assets/Data/Templates/Items/ItemTemplates/CraftingIngredients/Cooking/Abstract/Abstract_ItemTemplate_Crafting_Alcohol.prefab | Assets/Data/Templates/Items/ItemTemplates/CraftingIngredients/Cooking/Abstract/Abstract_ItemTemplate_Crafting_Ingredient.prefab,Eat,6219faf0de359c24894f4d983ee7d636,Assets/Data/Templates/SkillGraphs/Consumable/Prefabs/Consumable_ApplyStatus_Drunk.prefab,,,,Mana,Assets/Data/Templates/Items/ItemTemplates/CraftingIngredients/Alchemy/Alcohol/ItemTemplate_Crafting_Alchemy_Moonshine.prefab
food,normal,ItemTemplate_Crafting_Alchemy_PennyBun,item_crafting_cooking_food_PennyBun,Penny Bun,,,NameSkill_Consumable_FoodHealForDurationDesc,Restores [HealValue] health over [DurationCalculated]s.,alchemy:mushroom | ingredients:basicalchemy,Assets/Data/Templates/Items/ItemTemplates/CraftingIngredients/Cooking/Abstract/Abstract_ItemTemplate_Crafting_Mushroom.prefab | Assets/Data/Templates/Items/ItemTemplates/CraftingIngredients/Cooking/Abstract/Abstract_ItemTemplate_Crafting_Ingredient.prefab,Eat,1c2da8428b5a74142b93ed84593676a9,Assets/Data/Templates/SkillGraphs/Consumable/Prefabs/Consumable_ApplyStatus_FoodHealForDuration.prefab,1.0,10.0,10.0,HealthRegen,Assets/Data/Templates/Items/ItemTemplates/CraftingIngredients/Alchemy/Mushroom/ItemTemplate_Crafting_Alchemy_PennyBun.prefab
food,normal,ItemTemplate_Crafting_Alchemy_Peppermint,item_crafting_cooking_food_Peppermint,Peppermint,,,NameSkill_Consumable_IncreaseStatFlatDesc,Increases [StatEnum] by [AddValueCalculated] for [DurationCalculated_0]s.,alchemy:herbs | ingredients:herbs | ingredients:basicalchemy,Assets/Data/Templates/Items/ItemTemplates/CraftingIngredients/Cooking/Abstract/Abstract_ItemTemplate_Crafting_Herbs.prefab | Assets/Data/Templates/Items/ItemTemplates/CraftingIngredients/Cooking/Abstract/Abstract_ItemTemplate_Crafting_Ingredient.prefab,Eat,7191459edbd5a2f4d8d9c324f5f105ad,Assets/Data/Templates/SkillGraphs/Consumable/Prefabs/Consumable_ApplyStatus_StatIncreaseForDuration.prefab,1.0,10.0,10.0,StaminaRegen,Assets/Data/Templates/Items/ItemTemplates/CraftingIngredients/Alchemy/Herbs/ItemTemplate_Crafting_Alchemy_Peppermint.prefab
food,normal,ItemTemplate_Crafting_Alchemy_Rose,item_crafting_cooking_food_Rose,Rose,Template/flavor_locString_2543871262668956605_c7e3248fb4abf5e488959b1a78ba31ae,,NameSkill_Consumable_FoodHealForDurationDesc,Restores [HealValue] health over [DurationCalculated]s.,alchemy:herbs | ingredients:herbs | ingredients:basicalchemy | craft:special,Assets/Data/Templates/Items/ItemTemplates/CraftingIngredients/Cooking/Abstract/Abstract_ItemTemplate_Crafting_Herbs.prefab | Assets/Data/Templates/Items/ItemTemplates/CraftingIngredients/Cooking/Abstract/Abstract_ItemTemplate_Crafting_Ingredient.prefab,Eat,1c2da8428b5a74142b93ed84593676a9,Assets/Data/Templates/SkillGraphs/Consumable/Prefabs/Consumable_ApplyStatus_FoodHealForDuration.prefab,1.0,10.0,10.0,HealthRegen,Assets/Data/Templates/Items/ItemTemplates/CraftingIngredients/Alchemy/Herbs/ItemTemplate_Crafting_Alchemy_Rose.prefab
food,normal,ItemTemplate_Crafting_Alchemy_Rosemary,item_crafting_cooking_food_Rosemary,Rosemary,,,Consumable_FoodManaForDurationDesc,Restores [HealValue] mana over [Duration]s.,alchemy:herbs | ingredients:herbs | ingredients:basicalchemy,Assets/Data/Templates/Items/ItemTemplates/CraftingIngredients/Cooking/Abstract/Abstract_ItemTemplate_Crafting_Herbs.prefab | Assets/Data/Templates/Items/ItemTemplates/CraftingIngredients/Cooking/Abstract/Abstract_ItemTemplate_Crafting_Ingredient.prefab,Eat,1c2da8428b5a74142b93ed84593676a9,Assets/Data/Templates/SkillGraphs/Consumable/Prefabs/Consumable_ApplyStatus_FoodHealForDuration.prefab,1.5,10.0,15.0,ManaRegen,Assets/Data/Templates/Items/ItemTemplates/CraftingIngredients/Alchemy/Herbs/ItemTemplate_Crafting_Alchemy_Rosemary.prefab
food,normal,ItemTemplate_Crafting_Alchemy_Rum,item_craftingresults_cooking_Rum,Rum,,,Template/description_locString_2543871262668956605_cd946316fed2889409f615d7055fbec3,,alchemy:alcohol | item:alcohol | ingredients:basicalchemy,Assets/Data/Templates/Items/ItemTemplates/CraftingIngredients/Cooking/Abstract/Abstract_ItemTemplate_Crafting_Alcohol.prefab | Assets/Data/Templates/Items/ItemTemplates/CraftingIngredients/Cooking/Abstract/Abstract_ItemTemplate_Crafting_Ingredient.prefab,Eat,6219faf0de359c24894f4d983ee7d636,Assets/Data/Templates/SkillGraphs/Consumable/Prefabs/Consumable_ApplyStatus_Drunk.prefab,,,,Mana,Assets/Data/Templates/Items/ItemTemplates/CraftingIngredients/Alchemy/Alcohol/ItemTemplate_Crafting_Alchemy_Rum.prefab
food,normal,ItemTemplate_Crafting_Alchemy_Sage,item_crafting_cooking_food_Sage,Sage,,,NameSkill_Consumable_FoodHealForDurationDesc,Restores [HealValue] health over [DurationCalculated]s.,alchemy:herbs | ingredients:herbs | ingredients:basicalchemy,Assets/Data/Templates/Items/ItemTemplates/CraftingIngredients/Cooking/Abstract/Abstract_ItemTemplate_Crafting_Herbs.prefab | Assets/Data/Templates/Items/ItemTemplates/CraftingIngredients/Cooking/Abstract/Abstract_ItemTemplate_Crafting_Ingredient.prefab,Eat,1c2da8428b5a74142b93ed84593676a9,Assets/Data/Templates/SkillGraphs/Consumable/Prefabs/Consumable_ApplyStatus_FoodHealForDuration.prefab,0.30000001192092896,10.0,3.0000001192092896,HealthRegen,Assets/Data/Templates/Items/ItemTemplates/CraftingIngredients/Alchemy/Herbs/ItemTemplate_Crafting_Alchemy_Sage.prefab
food,normal,ItemTemplate_Crafting_Alchemy_SheepsHead,item_crafting_cooking_food_SheepsHead,Sheep's Head,,,Consumable_FoodManaForDurationDesc,Restores [HealValue] mana over [Duration]s.,alchemy:mushroom | ingredients:basicalchemy,Assets/Data/Templates/Items/ItemTemplates/CraftingIngredients/Cooking/Abstract/Abstract_ItemTemplate_Crafting_Mushroom.prefab | Assets/Data/Templates/Items/ItemTemplates/CraftingIngredients/Cooking/Abstract/Abstract_ItemTemplate_Crafting_Ingredient.prefab,Eat,1c2da8428b5a74142b93ed84593676a9,Assets/Data/Templates/SkillGraphs/Consumable/Prefabs/Consumable_ApplyStatus_FoodHealForDuration.prefab,0.6000000238418579,10.0,6.000000238418579,ManaRegen,Assets/Data/Templates/Items/ItemTemplates/CraftingIngredients/Alchemy/Mushroom/ItemTemplate_Crafting_Alchemy_SheepsHead.prefab
food,normal,ItemTemplate_Crafting_Alchemy_SnailSlime,item_crafting_alchemy_SnailSlime,Snail Slime,Template/flavor_locString_2543871262668956605_0cc9c8de97b4b584fb16dcc79a30cdd3,,Consumable_FoodManaForDurationDesc,Restores [HealValue] mana over [Duration]s.,alchemy:AnimalComp | ingredients:advancedalchemy | craft:special,Assets/Data/Templates/Items/ItemTemplates/CraftingIngredients/Cooking/Abstract/Abstract_ItemTemplate_Crafting_AnimalComp.prefab | Assets/Data/Templates/Items/ItemTemplates/CraftingIngredients/Cooking/Abstract/Abstract_ItemTemplate_Crafting_Ingredient.prefab,Eat,1c2da8428b5a74142b93ed84593676a9,Assets/Data/Templates/SkillGraphs/Consumable/Prefabs/Consumable_ApplyStatus_FoodHealForDuration.prefab,0.5,10.0,5.0,ManaRegen,Assets/Data/Templates/Items/ItemTemplates/CraftingIngredients/Alchemy/AnimalComp/ItemTemplate_Crafting_Alchemy_SnailSlime.prefab
food,normal,ItemTemplate_Crafting_Alchemy_Spirit,item_craftingresults_cooking_Spirit,Spirit,,,Template/description_locString_2543871262668956605_eb19a71b78d64c54997e76fc07ed1ac3,Consumption leads to inebriation.,alchemy:alcohol | item:alcohol | ingredients:basicalchemy,Assets/Data/Templates/Items/ItemTemplates/CraftingIngredients/Cooking/Abstract/Abstract_ItemTemplate_Crafting_Alcohol.prefab | Assets/Data/Templates/Items/ItemTemplates/CraftingIngredients/Cooking/Abstract/Abstract_ItemTemplate_Crafting_Ingredient.prefab,Eat,6219faf0de359c24894f4d983ee7d636,Assets/Data/Templates/SkillGraphs/Consumable/Prefabs/Consumable_ApplyStatus_Drunk.prefab,,,,Mana,Assets/Data/Templates/Items/ItemTemplates/CraftingIngredients/Alchemy/Alcohol/ItemTemplate_Crafting_Alchemy_Spirit.prefab
food,normal,ItemTemplate_Crafting_Alchemy_SpoiledMeat,item_crafting_cooking_food_SpoiledMeat,Spoiled Meat,Template/flavor_locString_2543871262668956605_2401daf603c7dea4996fd5be51eee651,,Template/description_locString_2543871262668956605_2401daf603c7dea4996fd5be51eee651,"Consumption leads to Suffering.
Lose [HealValueCalculated] [StatEnum].",alchemy:AnimalComp | ingredients:advancedalchemy | craft:special,Assets/Data/Templates/Items/ItemTemplates/CraftingIngredients/Cooking/Abstract/Abstract_ItemTemplate_Crafting_AnimalComp.prefab | Assets/Data/Templates/Items/ItemTemplates/CraftingIngredients/Cooking/Abstract/Abstract_ItemTemplate_Crafting_Ingredient.prefab,Eat,82278c6dc0202b6468f0a10d763255d5 | a215be54d2d9dce48a86a2d2cc5fbf19,Assets/Data/Templates/SkillGraphs/Consumable/Prefabs/Consumable_LoseStatFlat.prefab | Assets/Data/Templates/SkillGraphs/Consumable/Prefabs/Consumable_ApplyStatus_Poison.prefab,,60.0,,Health,Assets/Data/Templates/Items/ItemTemplates/CraftingIngredients/Alchemy/AnimalComp/ItemTemplate_Crafting_Alchemy_SpoiledMeat.prefab
food,normal,ItemTemplate_Crafting_Alchemy_StrangeToe,item_crafting_cooking_food_StrangeToe,Strange Toe,Template/flavor_locString_2543871262668956605_0cc9c8de97b4b584fb16dcc79a30cdd3,,Consumable_FoodManaForDurationDesc,Restores [HealValue] mana over [Duration]s.,alchemy:AnimalComp | ingredients:advancedalchemy | craft:special,Assets/Data/Templates/Items/ItemTemplates/CraftingIngredients/Cooking/Abstract/Abstract_ItemTemplate_Crafting_AnimalComp.prefab | Assets/Data/Templates/Items/ItemTemplates/CraftingIngredients/Cooking/Abstract/Abstract_ItemTemplate_Crafting_Ingredient.prefab,Eat,1c2da8428b5a74142b93ed84593676a9,Assets/Data/Templates/SkillGraphs/Consumable/Prefabs/Consumable_ApplyStatus_FoodHealForDuration.prefab,0.5,10.0,5.0,ManaRegen,Assets/Data/Templates/Items/ItemTemplates/CraftingIngredients/Alchemy/AnimalComp/ItemTemplate_Crafting_Alchemy_StrangeToe.prefab
food,normal,ItemTemplate_Crafting_Alchemy_SweetTooth,item_crafting_cooking_food_SweetTooth,Sweet Tooth,,,Consumable_FoodManaForDurationDesc,Restores [HealValue] mana over [Duration]s.,alchemy:mushroom | ingredients:basicalchemy,Assets/Data/Templates/Items/ItemTemplates/CraftingIngredients/Cooking/Abstract/Abstract_ItemTemplate_Crafting_Mushroom.prefab | Assets/Data/Templates/Items/ItemTemplates/CraftingIngredients/Cooking/Abstract/Abstract_ItemTemplate_Crafting_Ingredient.prefab,Eat,1c2da8428b5a74142b93ed84593676a9,Assets/Data/Templates/SkillGraphs/Consumable/Prefabs/Consumable_ApplyStatus_FoodHealForDuration.prefab,1.0,10.0,10.0,ManaRegen,Assets/Data/Templates/Items/ItemTemplates/CraftingIngredients/Alchemy/Mushroom/ItemTemplate_Crafting_Alchemy_SweetTooth.prefab
food,normal,ItemTemplate_Crafting_Alchemy_UmbilicalCord,item_crafting_alchemy_UmbilicalCord,Umbilical Cord,Template/flavor_locString_2543871262668956605_7325063ba41d2ff4a94a932d9406a7c7,,Consumable_FoodManaForDurationDesc,Restores [HealValue] mana over [Duration]s.,alchemy:AnimalComp | ingredients:advancedalchemy,Assets/Data/Templates/Items/ItemTemplates/CraftingIngredients/Cooking/Abstract/Abstract_ItemTemplate_Crafting_AnimalComp.prefab | Assets/Data/Templates/Items/ItemTemplates/CraftingIngredients/Cooking/Abstract/Abstract_ItemTemplate_Crafting_Ingredient.prefab,Eat,1c2da8428b5a74142b93ed84593676a9,Assets/Data/Templates/SkillGraphs/Consumable/Prefabs/Consumable_ApplyStatus_FoodHealForDuration.prefab,0.5,10.0,5.0,ManaRegen,Assets/Data/Templates/Items/ItemTemplates/CraftingIngredients/Alchemy/AnimalComp/ItemTemplate_Crafting_Alchemy_UmbilicalCord.prefab
food,normal,ItemTemplate_Crafting_Alchemy_WhiteButton,item_crafting_cooking_food_WhiteButton,White Button,,,NameSkill_Consumable_FoodHealForDurationDesc,Restores [HealValue] health over [DurationCalculated]s.,alchemy:mushroom | ingredients:basicalchemy,Assets/Data/Templates/Items/ItemTemplates/CraftingIngredients/Cooking/Abstract/Abstract_ItemTemplate_Crafting_Mushroom.prefab | Assets/Data/Templates/Items/ItemTemplates/CraftingIngredients/Cooking/Abstract/Abstract_ItemTemplate_Crafting_Ingredient.prefab,Eat,1c2da8428b5a74142b93ed84593676a9,Assets/Data/Templates/SkillGraphs/Consumable/Prefabs/Consumable_ApplyStatus_FoodHealForDuration.prefab,1.0,10.0,10.0,HealthRegen,Assets/Data/Templates/Items/ItemTemplates/CraftingIngredients/Alchemy/Mushroom/ItemTemplate_Crafting_Alchemy_WhiteButton.prefab
food,normal,ItemTemplate_Crafting_Alchemy_Wine,item_craftingresults_cooking_Wine,Wine,,,Template/description_locString_2543871262668956605_63ed977fddc14a347a95932e086bd7d8,Consumption leads to inebriation.,alchemy:alcohol | item:alcohol | ingredients:basicalchemy,Assets/Data/Templates/Items/ItemTemplates/CraftingIngredients/Cooking/Abstract/Abstract_ItemTemplate_Crafting_Alcohol.prefab | Assets/Data/Templates/Items/ItemTemplates/CraftingIngredients/Cooking/Abstract/Abstract_ItemTemplate_Crafting_Ingredient.prefab,Eat,6219faf0de359c24894f4d983ee7d636,Assets/Data/Templates/SkillGraphs/Consumable/Prefabs/Consumable_ApplyStatus_Drunk.prefab,,,,Mana,Assets/Data/Templates/Items/ItemTemplates/CraftingIngredients/Alchemy/Alcohol/ItemTemplate_Crafting_Alchemy_Wine.prefab
food,normal,ItemTemplate_Crafting_Alchemy_Wine_Blueberry,item_craftingresults_cooking_Wine,Wine,,,Template/description_locString_2543871262668956605_078c94e2243e63c48a518f5e4b0d0e61,Consumption leads to inebriation.,alchemy:alcohol | item:alcohol | ingredients:basicalchemy,Assets/Data/Templates/Items/ItemTemplates/CraftingIngredients/Cooking/Abstract/Abstract_ItemTemplate_Crafting_Alcohol.prefab | Assets/Data/Templates/Items/ItemTemplates/CraftingIngredients/Cooking/Abstract/Abstract_ItemTemplate_Crafting_Ingredient.prefab,Eat,6219faf0de359c24894f4d983ee7d636,Assets/Data/Templates/SkillGraphs/Consumable/Prefabs/Consumable_ApplyStatus_Drunk.prefab,,,,Mana,Assets/Data/Templates/Items/ItemTemplates/CraftingIngredients/Alchemy/Alcohol/ItemTemplate_Crafting_Alchemy_Wine_Blueberry.prefab
food,normal,ItemTemplate_Crafting_Alchemy_Wolfsbane,item_crafting_cooking_food_Wolfsbane,Wolfsbane,Template/flavor_locString_2543871262668956605_83b7a9b181b6c8b4099fa49d579247ff,,Template/description_locString_2543871262668956605_83b7a9b181b6c8b4099fa49d579247ff,Consumption leads to Suffering.,alchemy:herbs | ingredients:herbs | ingredients:basicalchemy,Assets/Data/Templates/Items/ItemTemplates/CraftingIngredients/Cooking/Abstract/Abstract_ItemTemplate_Crafting_Herbs.prefab | Assets/Data/Templates/Items/ItemTemplates/CraftingIngredients/Cooking/Abstract/Abstract_ItemTemplate_Crafting_Ingredient.prefab,Eat,a215be54d2d9dce48a86a2d2cc5fbf19,Assets/Data/Templates/SkillGraphs/Consumable/Prefabs/Consumable_ApplyStatus_Poison.prefab,,60.0,,Health,Assets/Data/Templates/Items/ItemTemplates/CraftingIngredients/Alchemy/Herbs/ItemTemplate_Crafting_Alchemy_Wolfsbane.prefab
food,normal,ItemTemplate_Crafting_Alchemy_Wyrdmeat,item_crafting_cooking_food_Wyrdmeat,Wyrdmeat,Template/flavor_locString_2543871262668956605_5f83be37ddaa7fc44a50c5544d7bb94a,,Template/description_locString_2543871262668956605_5f83be37ddaa7fc44a50c5544d7bb94a,"Consumption leads to Suffering.
Lose [HealValueCalculated] [StatEnum].",alchemy:AnimalComp | ingredients:advancedalchemy | craft:animalcomp,Assets/Data/Templates/Items/ItemTemplates/CraftingIngredients/Cooking/Abstract/Abstract_ItemTemplate_Crafting_Meat.prefab | Assets/Data/Templates/Items/ItemTemplates/CraftingIngredients/Cooking/Abstract/Abstract_ItemTemplate_Crafting_Ingredient.prefab,Eat,82278c6dc0202b6468f0a10d763255d5 | a215be54d2d9dce48a86a2d2cc5fbf19,Assets/Data/Templates/SkillGraphs/Consumable/Prefabs/Consumable_LoseStatFlat.prefab | Assets/Data/Templates/SkillGraphs/Consumable/Prefabs/Consumable_ApplyStatus_Poison.prefab,,60.0,,Health,Assets/Data/Templates/Items/ItemTemplates/CraftingIngredients/Alchemy/AnimalComp/ItemTemplate_Crafting_Alchemy_Wyrdmeat.prefab
food,normal,ItemTemplate_Crafting_Alchemy_Wyrdplasm,item_crafting_cooking_food_Wyrdplasm,Wyrdplasm,,,Template/description_locString_2543871262668956605_24c46f41f2f1ed14a9adb9edaccc63b1,Restores [HealValueCalculated:P0] of [MaxStatEnum].,alchemy:AnimalComp | ingredients:advancedalchemy,Assets/Data/Templates/Items/ItemTemplates/CraftingIngredients/Cooking/Abstract/Abstract_ItemTemplate_Crafting_AnimalComp.prefab | Assets/Data/Templates/Items/ItemTemplates/CraftingIngredients/Cooking/Abstract/Abstract_ItemTemplate_Crafting_Ingredient.prefab,Eat,d5ab45e7eb066a84ea55f9ab4f78b92f,Assets/Data/Templates/SkillGraphs/Consumable/Prefabs/Consumable_HealStatPercent.prefab,,,,Mana | MaxMana,Assets/Data/Templates/Items/ItemTemplates/CraftingIngredients/Alchemy/AnimalComp/ItemTemplate_Crafting_Alchemy_Wyrdplasm.prefab
food,normal,ItemTemplate_Crafting_Cooking_Algae,item_crafting_cooking_food_Algae,Algae,Template/flavor_locString_2543871262668956605_1337bcabaeb89ab4881cae7e0317246a,,NameSkill_Consumable_FoodHealForDurationDesc,Restores [HealValue] health over [DurationCalculated]s.,cook:seafood | ingredients:cooking | item:edible | cook:vegetables,Assets/Data/Templates/Items/ItemTemplates/CraftingIngredients/Cooking/Abstract/Abstract_ItemTemplate_Crafting_Seafood.prefab | Assets/Data/Templates/Items/ItemTemplates/CraftingIngredients/Cooking/Abstract/Abstract_ItemTemplate_Crafting_SoS_Vegetable.prefab | Assets/Data/Templates/Items/ItemTemplates/CraftingIngredients/Cooking/Abstract/Abstract_ItemTemplate_Crafting_Ingredient.prefab,Eat,1c2da8428b5a74142b93ed84593676a9 | d6b5b990cd4a1064ab940dda37b9b2c0,Assets/Data/Templates/SkillGraphs/Consumable/Prefabs/Consumable_ApplyStatus_FoodHealForDuration.prefab | Assets/Data/Templates/SkillGraphs/Consumable/Prefabs/Consumable_Overeat.prefab,0.4000000059604645,10.0,4.000000059604645,HealthRegen,Assets/Data/Templates/Items/ItemTemplates/CraftingIngredients/Cooking/Seafood/ItemTemplate_Crafting_Cooking_Algae.prefab
food,normal,ItemTemplate_Crafting_Cooking_Apple,item_crafting_cooking_food_Apple,Apple,,,NameSkill_Consumable_FoodHealForDurationDesc,Restores [HealValue] health over [DurationCalculated]s.,cook:fruit | ingredients:cooking | item:edible,Assets/Data/Templates/Items/ItemTemplates/CraftingIngredients/Cooking/Abstract/Abstract_ItemTemplate_Crafting_Fruit.prefab | Assets/Data/Templates/Items/ItemTemplates/CraftingIngredients/Cooking/Abstract/Abstract_ItemTemplate_Crafting_Ingredient.prefab,Eat,1c2da8428b5a74142b93ed84593676a9 | d6b5b990cd4a1064ab940dda37b9b2c0,Assets/Data/Templates/SkillGraphs/Consumable/Prefabs/Consumable_ApplyStatus_FoodHealForDuration.prefab | Assets/Data/Templates/SkillGraphs/Consumable/Prefabs/Consumable_Overeat.prefab,0.10000000149011612,10.0,1.0000000149011612,HealthRegen,Assets/Data/Templates/Items/ItemTemplates/CraftingIngredients/Cooking/Fruit/ItemTemplate_Crafting_Cooking_Apple.prefab
food,normal,ItemTemplate_Crafting_Cooking_Beef,item_crafting_cooking_food_BeefMeat,Beef,,,NameSkill_Consumable_FoodHealForDurationDesc,Restores [HealValue] health over [DurationCalculated]s.,cook:meat | ingredients:cooking | item:edible,Assets/Data/Templates/Items/ItemTemplates/CraftingIngredients/Cooking/Abstract/Abstract_ItemTemplate_Crafting_Meat.prefab | Assets/Data/Templates/Items/ItemTemplates/CraftingIngredients/Cooking/Abstract/Abstract_ItemTemplate_Crafting_Ingredient.prefab,Eat,1c2da8428b5a74142b93ed84593676a9 | d6b5b990cd4a1064ab940dda37b9b2c0,Assets/Data/Templates/SkillGraphs/Consumable/Prefabs/Consumable_ApplyStatus_FoodHealForDuration.prefab | Assets/Data/Templates/SkillGraphs/Consumable/Prefabs/Consumable_Overeat.prefab,0.5,10.0,5.0,HealthRegen,Assets/Data/Templates/Items/ItemTemplates/CraftingIngredients/Cooking/Meat/ItemTemplate_Crafting_Cooking_Beef.prefab
food,normal,ItemTemplate_Crafting_Cooking_Blueberry,item_crafting_cooking_food_Blueberry,Blueberry,,,NameSkill_Consumable_FoodHealForDurationDesc,Restores [HealValue] health over [DurationCalculated]s.,ingredients:cooking | item:edible | cook:fruit,Assets/Data/Templates/Items/ItemTemplates/CraftingIngredients/Cooking/Abstract/Abstract_ItemTemplate_Crafting_Fruit.prefab | Assets/Data/Templates/Items/ItemTemplates/CraftingIngredients/Cooking/Abstract/Abstract_ItemTemplate_Crafting_Ingredient.prefab,Eat,1c2da8428b5a74142b93ed84593676a9 | d6b5b990cd4a1064ab940dda37b9b2c0,Assets/Data/Templates/SkillGraphs/Consumable/Prefabs/Consumable_ApplyStatus_FoodHealForDuration.prefab | Assets/Data/Templates/SkillGraphs/Consumable/Prefabs/Consumable_Overeat.prefab,0.10000000149011612,10.0,1.0000000149011612,HealthRegen,Assets/Data/Templates/Items/ItemTemplates/CraftingIngredients/Cooking/Fruit/ItemTemplate_Crafting_Cooking_Blueberry.prefab
food,normal,ItemTemplate_Crafting_Cooking_Butter,item_crafting_cooking_food_Butter,Butter,,,NameSkill_Consumable_FoodHealForDurationDesc,Restores [HealValue] health over [DurationCalculated]s.,cook:fats | ingredients:cooking | item:edible,Assets/Data/Templates/Items/ItemTemplates/CraftingIngredients/Cooking/Abstract/Abstract_ItemTemplate_Crafting_Fats.prefab | Assets/Data/Templates/Items/ItemTemplates/CraftingIngredients/Cooking/Abstract/Abstract_ItemTemplate_Crafting_Ingredient.prefab,Eat,1c2da8428b5a74142b93ed84593676a9 | d6b5b990cd4a1064ab940dda37b9b2c0,Assets/Data/Templates/SkillGraphs/Consumable/Prefabs/Consumable_ApplyStatus_FoodHealForDuration.prefab | Assets/Data/Templates/SkillGraphs/Consumable/Prefabs/Consumable_Overeat.prefab,0.20000000298023224,10.0,2.0000000298023224,HealthRegen,Assets/Data/Templates/Items/ItemTemplates/CraftingIngredients/Cooking/Fats/ItemTemplate_Crafting_Cooking_Butter.prefab
food,normal,ItemTemplate_Crafting_Cooking_Cabbage,item_crafting_cooking_food_Cabbage,Cabbage,Template/flavor_locString_2543871262668956605_f46517d4c870eee4cb6873aba99f97c5,,NameSkill_Consumable_FoodHealForDurationDesc,Restores [HealValue] health over [DurationCalculated]s.,cook:vegetables | ingredients:cooking | item:edible,Assets/Data/Templates/Items/ItemTemplates/CraftingIngredients/Cooking/Abstract/Abstract_ItemTemplate_Crafting_Vegetable.prefab | Assets/Data/Templates/Items/ItemTemplates/CraftingIngredients/Cooking/Abstract/Abstract_ItemTemplate_Crafting_Ingredient.prefab,Eat,1c2da8428b5a74142b93ed84593676a9 | d6b5b990cd4a1064ab940dda37b9b2c0,Assets/Data/Templates/SkillGraphs/Consumable/Prefabs/Consumable_ApplyStatus_FoodHealForDuration.prefab | Assets/Data/Templates/SkillGraphs/Consumable/Prefabs/Consumable_Overeat.prefab,0.15000000596046448,10.0,1.5000000596046448,HealthRegen,Assets/Data/Templates/Items/ItemTemplates/CraftingIngredients/Cooking/Vegetable/ItemTemplate_Crafting_Cooking_Cabbage.prefab
food,normal,ItemTemplate_Crafting_Cooking_CanineMeat,item_crafting_cooking_food_CanineMeat,Canine Meat,,,NameSkill_Consumable_FoodHealForDurationDesc,Restores [HealValue] health over [DurationCalculated]s.,cook:meat | ingredients:cooking | item:edible,Assets/Data/Templates/Items/ItemTemplates/CraftingIngredients/Cooking/Abstract/Abstract_ItemTemplate_Crafting_Meat.prefab | Assets/Data/Templates/Items/ItemTemplates/CraftingIngredients/Cooking/Abstract/Abstract_ItemTemplate_Crafting_Ingredient.prefab,Eat,1c2da8428b5a74142b93ed84593676a9 | d6b5b990cd4a1064ab940dda37b9b2c0,Assets/Data/Templates/SkillGraphs/Consumable/Prefabs/Consumable_ApplyStatus_FoodHealForDuration.prefab | Assets/Data/Templates/SkillGraphs/Consumable/Prefabs/Consumable_Overeat.prefab,0.4000000059604645,10.0,4.000000059604645,HealthRegen,Assets/Data/Templates/Items/ItemTemplates/CraftingIngredients/Cooking/Meat/ItemTemplate_Crafting_Cooking_CanineMeat.prefab
food,normal,ItemTemplate_Crafting_Cooking_Carrot,item_crafting_cooking_food_Carrot,Carrot,,,NameSkill_Consumable_FoodHealForDurationDesc,Restores [HealValue] health over [DurationCalculated]s.,ingredients:cooking | item:edible | cook:vegetables,Assets/Data/Templates/Items/ItemTemplates/CraftingIngredients/Cooking/Abstract/Abstract_ItemTemplate_Crafting_Vegetable.prefab | Assets/Data/Templates/Items/ItemTemplates/CraftingIngredients/Cooking/Abstract/Abstract_ItemTemplate_Crafting_Ingredient.prefab,Eat,1c2da8428b5a74142b93ed84593676a9 | d6b5b990cd4a1064ab940dda37b9b2c0,Assets/Data/Templates/SkillGraphs/Consumable/Prefabs/Consumable_ApplyStatus_FoodHealForDuration.prefab | Assets/Data/Templates/SkillGraphs/Consumable/Prefabs/Consumable_Overeat.prefab,0.10000000149011612,10.0,1.0000000149011612,HealthRegen,Assets/Data/Templates/Items/ItemTemplates/CraftingIngredients/Cooking/Vegetable/ItemTemplate_Crafting_Cooking_Carrot.prefab
food,normal,ItemTemplate_Crafting_Cooking_Cheese,item_crafting_cooking_food_CheesePiece,Cheese,,,NameSkill_Consumable_FoodHealForDurationDesc,Restores [HealValue] health over [DurationCalculated]s.,cook:cheese | ingredients:cooking | item:edible,Assets/Data/Templates/Items/ItemTemplates/CraftingIngredients/Cooking/Abstract/Abstract_ItemTemplate_Crafting_Cheese.prefab | Assets/Data/Templates/Items/ItemTemplates/CraftingIngredients/Cooking/Abstract/Abstract_ItemTemplate_Crafting_Ingredient.prefab,Eat,1c2da8428b5a74142b93ed84593676a9 | d6b5b990cd4a1064ab940dda37b9b2c0,Assets/Data/Templates/SkillGraphs/Consumable/Prefabs/Consumable_ApplyStatus_FoodHealForDuration.prefab | Assets/Data/Templates/SkillGraphs/Consumable/Prefabs/Consumable_Overeat.prefab,0.20000000298023224,10.0,2.0000000298023224,HealthRegen,Assets/Data/Templates/Items/ItemTemplates/CraftingIngredients/Cooking/Cheese/ItemTemplate_Crafting_Cooking_Cheese.prefab
food,normal,ItemTemplate_Crafting_Cooking_Crab,item_crafting_cooking_food_Crab,Crab,Template/flavor_locString_2543871262668956605_1337bcabaeb89ab4881cae7e0317246a,,NameSkill_Consumable_FoodHealForDurationDesc,Restores [HealValue] health over [DurationCalculated]s.,cook:seafood | ingredients:cooking | item:edible,Assets/Data/Templates/Items/ItemTemplates/CraftingIngredients/Cooking/Abstract/Abstract_ItemTemplate_Crafting_Seafood.prefab | Assets/Data/Templates/Items/ItemTemplates/CraftingIngredients/Cooking/Abstract/Abstract_ItemTemplate_Crafting_Ingredient.prefab,Eat,1c2da8428b5a74142b93ed84593676a9 | d6b5b990cd4a1064ab940dda37b9b2c0,Assets/Data/Templates/SkillGraphs/Consumable/Prefabs/Consumable_ApplyStatus_FoodHealForDuration.prefab | Assets/Data/Templates/SkillGraphs/Consumable/Prefabs/Consumable_Overeat.prefab,0.4000000059604645,10.0,4.000000059604645,HealthRegen,Assets/Data/Templates/Items/ItemTemplates/CraftingIngredients/Cooking/Seafood/ItemTemplate_Crafting_Cooking_Crab.prefab
food,normal,ItemTemplate_Crafting_Cooking_Egg,item_crafting_cooking_food_Egg,Egg,,,NameSkill_Consumable_FoodHealForDurationDesc,Restores [HealValue] health over [DurationCalculated]s.,cook:eggs | ingredients:cooking | item:edible,Assets/Data/Templates/Items/ItemTemplates/CraftingIngredients/Cooking/Abstract/Abstract_ItemTemplate_Crafting_Eggs.prefab | Assets/Data/Templates/Items/ItemTemplates/CraftingIngredients/Cooking/Abstract/Abstract_ItemTemplate_Crafting_Ingredient.prefab,Eat,1c2da8428b5a74142b93ed84593676a9 | d6b5b990cd4a1064ab940dda37b9b2c0,Assets/Data/Templates/SkillGraphs/Consumable/Prefabs/Consumable_ApplyStatus_FoodHealForDuration.prefab | Assets/Data/Templates/SkillGraphs/Consumable/Prefabs/Consumable_Overeat.prefab,0.10000000149011612,10.0,1.0000000149011612,HealthRegen,Assets/Data/Templates/Items/ItemTemplates/CraftingIngredients/Cooking/Eggs/ItemTemplate_Crafting_Cooking_Egg.prefab
food,normal,ItemTemplate_Crafting_Cooking_FishGeneric,item_crafting_cooking_food_FishGeneric,Fish Fillet,,,NameSkill_Consumable_FoodHealForDurationDesc,Restores [HealValue] health over [DurationCalculated]s.,cook:meat | ingredients:cooking | item:edible,Assets/Data/Templates/Items/ItemTemplates/CraftingIngredients/Cooking/Abstract/Abstract_ItemTemplate_Crafting_Seafood_Fish.prefab | Assets/Data/Templates/Items/ItemTemplates/CraftingIngredients/Cooking/Abstract/Abstract_ItemTemplate_Crafting_Seafood.prefab | Assets/Data/Templates/Items/ItemTemplates/CraftingIngredients/Cooking/Abstract/Abstract_ItemTemplate_Crafting_Ingredient.prefab,Eat,1c2da8428b5a74142b93ed84593676a9 | d6b5b990cd4a1064ab940dda37b9b2c0,Assets/Data/Templates/SkillGraphs/Consumable/Prefabs/Consumable_ApplyStatus_FoodHealForDuration.prefab | Assets/Data/Templates/SkillGraphs/Consumable/Prefabs/Consumable_Overeat.prefab,0.20000000298023224,10.0,2.0000000298023224,HealthRegen,Assets/Data/Templates/Items/ItemTemplates/CraftingIngredients/Cooking/Seafood/ItemTemplate_Crafting_Cooking_FishGeneric.prefab
food,normal,ItemTemplate_Crafting_Cooking_Flour,item_crafting_cooking_food_Flour,Flour,,,NameSkill_Consumable_FoodHealForDurationDesc,Restores [HealValue] health over [DurationCalculated]s.,cook:flour | ingredients:cooking,Assets/Data/Templates/Items/ItemTemplates/CraftingIngredients/Cooking/Abstract/Abstract_ItemTemplate_Crafting_Flour.prefab | Assets/Data/Templates/Items/ItemTemplates/CraftingIngredients/Cooking/Abstract/Abstract_ItemTemplate_Crafting_Ingredient.prefab,Eat,1c2da8428b5a74142b93ed84593676a9 | d6b5b990cd4a1064ab940dda37b9b2c0,Assets/Data/Templates/SkillGraphs/Consumable/Prefabs/Consumable_ApplyStatus_FoodHealForDuration.prefab | Assets/Data/Templates/SkillGraphs/Consumable/Prefabs/Consumable_Overeat.prefab,0.10000000149011612,10.0,1.0000000149011612,HealthRegen,Assets/Data/Templates/Items/ItemTemplates/CraftingIngredients/Cooking/Flour/ItemTemplate_Crafting_Cooking_Flour.prefab
food,normal,ItemTemplate_Crafting_Cooking_Garlic,item_crafting_cooking_food_Garlic,Garlic,,,NameSkill_Consumable_FoodHealForDurationDesc,Restores [HealValue] health over [DurationCalculated]s.,cook:vegetables | ingredients:cooking | item:edible,Assets/Data/Templates/Items/ItemTemplates/CraftingIngredients/Cooking/Abstract/Abstract_ItemTemplate_Crafting_Vegetable.prefab | Assets/Data/Templates/Items/ItemTemplates/CraftingIngredients/Cooking/Abstract/Abstract_ItemTemplate_Crafting_Ingredient.prefab,Eat,1c2da8428b5a74142b93ed84593676a9 | d6b5b990cd4a1064ab940dda37b9b2c0,Assets/Data/Templates/SkillGraphs/Consumable/Prefabs/Consumable_ApplyStatus_FoodHealForDuration.prefab | Assets/Data/Templates/SkillGraphs/Consumable/Prefabs/Consumable_Overeat.prefab,0.10000000149011612,10.0,1.0000000149011612,HealthRegen,Assets/Data/Templates/Items/ItemTemplates/CraftingIngredients/Cooking/Vegetable/ItemTemplate_Crafting_Cooking_Garlic.prefab
food,normal,ItemTemplate_Crafting_Cooking_Groats,item_crafting_cooking_food_Groats,Groats,,,NameSkill_Consumable_FoodHealForDurationDesc,Restores [HealValue] health over [DurationCalculated]s.,cook:grain | ingredients:cooking,Assets/Data/Templates/Items/ItemTemplates/CraftingIngredients/Cooking/Abstract/Abstract_ItemTemplate_Crafting_Grain.prefab | Assets/Data/Templates/Items/ItemTemplates/CraftingIngredients/Cooking/Abstract/Abstract_ItemTemplate_Crafting_Ingredient.prefab,Eat,1c2da8428b5a74142b93ed84593676a9 | d6b5b990cd4a1064ab940dda37b9b2c0,Assets/Data/Templates/SkillGraphs/Consumable/Prefabs/Consumable_ApplyStatus_FoodHealForDuration.prefab | Assets/Data/Templates/SkillGraphs/Consumable/Prefabs/Consumable_Overeat.prefab,0.20000000298023224,10.0,2.0000000298023224,HealthRegen,Assets/Data/Templates/Items/ItemTemplates/CraftingIngredients/Cooking/Grains/ItemTemplate_Crafting_Cooking_Groats.prefab
food,normal,ItemTemplate_Crafting_Cooking_Honey,item_crafting_cooking_food_Honey,Honey,,,NameSkill_Consumable_FoodHealForDurationDesc,Restores [HealValue] health over [DurationCalculated]s.,cook:sweets | ingredients:cooking | item:edible,Assets/Data/Templates/Items/ItemTemplates/CraftingIngredients/Cooking/Abstract/Abstract_ItemTemplate_Crafting_Sweets.prefab | Assets/Data/Templates/Items/ItemTemplates/CraftingIngredients/Cooking/Abstract/Abstract_ItemTemplate_Crafting_Ingredient.prefab,Eat,1c2da8428b5a74142b93ed84593676a9 | d6b5b990cd4a1064ab940dda37b9b2c0,Assets/Data/Templates/SkillGraphs/Consumable/Prefabs/Consumable_ApplyStatus_FoodHealForDuration.prefab | Assets/Data/Templates/SkillGraphs/Consumable/Prefabs/Consumable_Overeat.prefab,0.25,10.0,2.5,HealthRegen,Assets/Data/Templates/Items/ItemTemplates/CraftingIngredients/Cooking/Sweets/ItemTemplate_Crafting_Cooking_Honey.prefab
food,normal,ItemTemplate_Crafting_Cooking_Lettuce,item_crafting_cooking_food_Lettuce,Lettuce,,,NameSkill_Consumable_FoodHealForDurationDesc,Restores [HealValue] health over [DurationCalculated]s.,cook:vegetables | ingredients:cooking | item:edible,Assets/Data/Templates/Items/ItemTemplates/CraftingIngredients/Cooking/Abstract/Abstract_ItemTemplate_Crafting_Vegetable.prefab | Assets/Data/Templates/Items/ItemTemplates/CraftingIngredients/Cooking/Abstract/Abstract_ItemTemplate_Crafting_Ingredient.prefab,Eat,1c2da8428b5a74142b93ed84593676a9 | d6b5b990cd4a1064ab940dda37b9b2c0,Assets/Data/Templates/SkillGraphs/Consumable/Prefabs/Consumable_ApplyStatus_FoodHealForDuration.prefab | Assets/Data/Templates/SkillGraphs/Consumable/Prefabs/Consumable_Overeat.prefab,0.10000000149011612,10.0,1.0000000149011612,HealthRegen,Assets/Data/Templates/Items/ItemTemplates/CraftingIngredients/Cooking/Vegetable/ItemTemplate_Crafting_Cooking_Lettuce.prefab
food,normal,ItemTemplate_Crafting_Cooking_Milk,item_crafting_cooking_food_Milk,Milk,,,NameSkill_Consumable_FoodHealForDurationDesc,Restores [HealValue] health over [DurationCalculated]s.,cook:dairy | ingredients:cooking | item:edible,Assets/Data/Templates/Items/ItemTemplates/CraftingIngredients/Cooking/Abstract/Abstract_ItemTemplate_Crafting_Dairy.prefab | Assets/Data/Templates/Items/ItemTemplates/CraftingIngredients/Cooking/Abstract/Abstract_ItemTemplate_Crafting_Ingredient.prefab,Eat,1c2da8428b5a74142b93ed84593676a9 | d6b5b990cd4a1064ab940dda37b9b2c0,Assets/Data/Templates/SkillGraphs/Consumable/Prefabs/Consumable_ApplyStatus_FoodHealForDuration.prefab | Assets/Data/Templates/SkillGraphs/Consumable/Prefabs/Consumable_Overeat.prefab,0.20000000298023224,10.0,2.0000000298023224,HealthRegen,Assets/Data/Templates/Items/ItemTemplates/CraftingIngredients/Cooking/Dairy/ItemTemplate_Crafting_Cooking_Milk.prefab
food,normal,ItemTemplate_Crafting_Cooking_MysteriousSeeds,item_crafting_cooking_food_MysteriousSeeds,Mysterious Seeds,,,Template/description_locString_2543871262668956605_76c11169710c7364ba217c37f521d28c,Permanently increase [Stat] by [IncreaseValue].,,,Eat,8c034e1a1ba8b5248a7701b0ef6d5e4b | d6b5b990cd4a1064ab940dda37b9b2c0,Assets/Data/Templates/SkillGraphs/Consumable/Prefabs/Consumable_IncreaseStatFlatPerm.prefab | Assets/Data/Templates/SkillGraphs/Consumable/Prefabs/Consumable_Overeat.prefab,,,,Practicality,Assets/Data/Templates/Items/ItemTemplates/CraftingIngredients/Cooking/Grains/ItemTemplate_Crafting_Cooking_MysteriousSeeds.prefab
food,normal,ItemTemplate_Crafting_Cooking_Oats,item_crafting_cooking_food_Oats,Oats,,,NameSkill_Consumable_FoodHealForDurationDesc,Restores [HealValue] health over [DurationCalculated]s.,cook:grain | ingredients:cooking,Assets/Data/Templates/Items/ItemTemplates/CraftingIngredients/Cooking/Abstract/Abstract_ItemTemplate_Crafting_Grain.prefab | Assets/Data/Templates/Items/ItemTemplates/CraftingIngredients/Cooking/Abstract/Abstract_ItemTemplate_Crafting_Ingredient.prefab,Eat,1c2da8428b5a74142b93ed84593676a9 | d6b5b990cd4a1064ab940dda37b9b2c0,Assets/Data/Templates/SkillGraphs/Consumable/Prefabs/Consumable_ApplyStatus_FoodHealForDuration.prefab | Assets/Data/Templates/SkillGraphs/Consumable/Prefabs/Consumable_Overeat.prefab,0.20000000298023224,10.0,2.0000000298023224,HealthRegen,Assets/Data/Templates/Items/ItemTemplates/CraftingIngredients/Cooking/Grains/ItemTemplate_Crafting_Cooking_Oats.prefab
food,normal,ItemTemplate_Crafting_Cooking_Onion,item_crafting_cooking_food_Onion,Onion,,,NameSkill_Consumable_FoodHealForDurationDesc,Restores [HealValue] health over [DurationCalculated]s.,cook:vegetables | ingredients:cooking | item:edible,Assets/Data/Templates/Items/ItemTemplates/CraftingIngredients/Cooking/Abstract/Abstract_ItemTemplate_Crafting_Vegetable.prefab | Assets/Data/Templates/Items/ItemTemplates/CraftingIngredients/Cooking/Abstract/Abstract_ItemTemplate_Crafting_Ingredient.prefab,Eat,1c2da8428b5a74142b93ed84593676a9 | d6b5b990cd4a1064ab940dda37b9b2c0,Assets/Data/Templates/SkillGraphs/Consumable/Prefabs/Consumable_ApplyStatus_FoodHealForDuration.prefab | Assets/Data/Templates/SkillGraphs/Consumable/Prefabs/Consumable_Overeat.prefab,0.10000000149011612,10.0,1.0000000149011612,HealthRegen,Assets/Data/Templates/Items/ItemTemplates/CraftingIngredients/Cooking/Vegetable/ItemTemplate_Crafting_Cooking_Onion.prefab
food,normal,ItemTemplate_Crafting_Cooking_Parsley,item_crafting_cooking_food_Parsley,Parsley,,,NameSkill_Consumable_FoodHealForDurationDesc,Restores [HealValue] health over [DurationCalculated]s.,ingredients:cooking | item:edible | cook:vegetables,Assets/Data/Templates/Items/ItemTemplates/CraftingIngredients/Cooking/Abstract/Abstract_ItemTemplate_Crafting_Vegetable.prefab | Assets/Data/Templates/Items/ItemTemplates/CraftingIngredients/Cooking/Abstract/Abstract_ItemTemplate_Crafting_Ingredient.prefab,Eat,1c2da8428b5a74142b93ed84593676a9 | d6b5b990cd4a1064ab940dda37b9b2c0,Assets/Data/Templates/SkillGraphs/Consumable/Prefabs/Consumable_ApplyStatus_FoodHealForDuration.prefab | Assets/Data/Templates/SkillGraphs/Consumable/Prefabs/Consumable_Overeat.prefab,0.10000000149011612,10.0,1.0000000149011612,HealthRegen,Assets/Data/Templates/Items/ItemTemplates/CraftingIngredients/Cooking/Vegetable/ItemTemplate_Crafting_Cooking_Parsley.prefab
food,normal,ItemTemplate_Crafting_Cooking_Pork,item_crafting_cooking_food_Pork,Pork,,,NameSkill_Consumable_FoodHealForDurationDesc,Restores [HealValue] health over [DurationCalculated]s.,cook:meat | ingredients:cooking | item:edible,Assets/Data/Templates/Items/ItemTemplates/CraftingIngredients/Cooking/Abstract/Abstract_ItemTemplate_Crafting_Meat.prefab | Assets/Data/Templates/Items/ItemTemplates/CraftingIngredients/Cooking/Abstract/Abstract_ItemTemplate_Crafting_Ingredient.prefab,Eat,1c2da8428b5a74142b93ed84593676a9 | d6b5b990cd4a1064ab940dda37b9b2c0,Assets/Data/Templates/SkillGraphs/Consumable/Prefabs/Consumable_ApplyStatus_FoodHealForDuration.prefab | Assets/Data/Templates/SkillGraphs/Consumable/Prefabs/Consumable_Overeat.prefab,0.4000000059604645,10.0,4.000000059604645,HealthRegen,Assets/Data/Templates/Items/ItemTemplates/CraftingIngredients/Cooking/Meat/ItemTemplate_Crafting_Cooking_Pork.prefab
food,normal,ItemTemplate_Crafting_Cooking_Potato,item_crafting_cooking_food_Potato,Potato,,,NameSkill_Consumable_FoodHealForDurationDesc,Restores [HealValue] health over [DurationCalculated]s.,cook:vegetables | ingredients:cooking | item:edible,Assets/Data/Templates/Items/ItemTemplates/CraftingIngredients/Cooking/Abstract/Abstract_ItemTemplate_Crafting_Vegetable.prefab | Assets/Data/Templates/Items/ItemTemplates/CraftingIngredients/Cooking/Abstract/Abstract_ItemTemplate_Crafting_Ingredient.prefab,Eat,1c2da8428b5a74142b93ed84593676a9 | d6b5b990cd4a1064ab940dda37b9b2c0,Assets/Data/Templates/SkillGraphs/Consumable/Prefabs/Consumable_ApplyStatus_FoodHealForDuration.prefab | Assets/Data/Templates/SkillGraphs/Consumable/Prefabs/Consumable_Overeat.prefab,0.15000000596046448,10.0,1.5000000596046448,HealthRegen,Assets/Data/Templates/Items/ItemTemplates/CraftingIngredients/Cooking/Vegetable/ItemTemplate_Crafting_Cooking_Potato.prefab
food,normal,ItemTemplate_Crafting_Cooking_Poultry,item_crafting_cooking_food_Poultry,Poultry,,,NameSkill_Consumable_FoodHealForDurationDesc,Restores [HealValue] health over [DurationCalculated]s.,cook:meat | ingredients:cooking | item:edible,Assets/Data/Templates/Items/ItemTemplates/CraftingIngredients/Cooking/Abstract/Abstract_ItemTemplate_Crafting_Meat.prefab | Assets/Data/Templates/Items/ItemTemplates/CraftingIngredients/Cooking/Abstract/Abstract_ItemTemplate_Crafting_Ingredient.prefab,Eat,1c2da8428b5a74142b93ed84593676a9 | d6b5b990cd4a1064ab940dda37b9b2c0,Assets/Data/Templates/SkillGraphs/Consumable/Prefabs/Consumable_ApplyStatus_FoodHealForDuration.prefab | Assets/Data/Templates/SkillGraphs/Consumable/Prefabs/Consumable_Overeat.prefab,0.30000001192092896,10.0,3.0000001192092896,HealthRegen,Assets/Data/Templates/Items/ItemTemplates/CraftingIngredients/Cooking/Meat/ItemTemplate_Crafting_Cooking_Poultry.prefab
food,normal,ItemTemplate_Crafting_Cooking_Raspberry,item_crafting_cooking_food_Raspberry,Raspberry,,,NameSkill_Consumable_FoodHealForDurationDesc,Restores [HealValue] health over [DurationCalculated]s.,ingredients:cooking | item:edible | cook:fruit,Assets/Data/Templates/Items/ItemTemplates/CraftingIngredients/Cooking/Abstract/Abstract_ItemTemplate_Crafting_Fruit.prefab | Assets/Data/Templates/Items/ItemTemplates/CraftingIngredients/Cooking/Abstract/Abstract_ItemTemplate_Crafting_Ingredient.prefab,Eat,1c2da8428b5a74142b93ed84593676a9 | d6b5b990cd4a1064ab940dda37b9b2c0,Assets/Data/Templates/SkillGraphs/Consumable/Prefabs/Consumable_ApplyStatus_FoodHealForDuration.prefab | Assets/Data/Templates/SkillGraphs/Consumable/Prefabs/Consumable_Overeat.prefab,0.10000000149011612,10.0,1.0000000149011612,HealthRegen,Assets/Data/Templates/Items/ItemTemplates/CraftingIngredients/Cooking/Fruit/ItemTemplate_Crafting_Cooking_Raspberry.prefab
food,normal,ItemTemplate_Crafting_Cooking_Seaweed,item_crafting_cooking_food_Seaweed,Seaweed,Template/flavor_locString_2543871262668956605_1337bcabaeb89ab4881cae7e0317246a,,NameSkill_Consumable_FoodHealForDurationDesc,Restores [HealValue] health over [DurationCalculated]s.,cook:seafood | ingredients:cooking | item:edible | cook:vegetables,Assets/Data/Templates/Items/ItemTemplates/CraftingIngredients/Cooking/Abstract/Abstract_ItemTemplate_Crafting_Seafood.prefab | Assets/Data/Templates/Items/ItemTemplates/CraftingIngredients/Cooking/Abstract/Abstract_ItemTemplate_Crafting_SoS_Vegetable.prefab | Assets/Data/Templates/Items/ItemTemplates/CraftingIngredients/Cooking/Abstract/Abstract_ItemTemplate_Crafting_Ingredient.prefab,Eat,1c2da8428b5a74142b93ed84593676a9 | d6b5b990cd4a1064ab940dda37b9b2c0,Assets/Data/Templates/SkillGraphs/Consumable/Prefabs/Consumable_ApplyStatus_FoodHealForDuration.prefab | Assets/Data/Templates/SkillGraphs/Consumable/Prefabs/Consumable_Overeat.prefab,0.4000000059604645,10.0,4.000000059604645,HealthRegen,Assets/Data/Templates/Items/ItemTemplates/CraftingIngredients/Cooking/Seafood/ItemTemplate_Crafting_Cooking_Seaweed.prefab
food,normal,ItemTemplate_Crafting_Cooking_Tomato,item_crafting_cooking_food_Tomato,Tomato,,,NameSkill_Consumable_FoodHealForDurationDesc,Restores [HealValue] health over [DurationCalculated]s.,ingredients:cooking | item:edible | cook:fruit,Assets/Data/Templates/Items/ItemTemplates/CraftingIngredients/Cooking/Abstract/Abstract_ItemTemplate_Crafting_Fruit.prefab | Assets/Data/Templates/Items/ItemTemplates/CraftingIngredients/Cooking/Abstract/Abstract_ItemTemplate_Crafting_Ingredient.prefab,Eat,1c2da8428b5a74142b93ed84593676a9 | d6b5b990cd4a1064ab940dda37b9b2c0,Assets/Data/Templates/SkillGraphs/Consumable/Prefabs/Consumable_ApplyStatus_FoodHealForDuration.prefab | Assets/Data/Templates/SkillGraphs/Consumable/Prefabs/Consumable_Overeat.prefab,0.10000000149011612,10.0,1.0000000149011612,HealthRegen,Assets/Data/Templates/Items/ItemTemplates/CraftingIngredients/Cooking/Fruit/ItemTemplate_Crafting_Cooking_Tomato.prefab
food,normal,ItemTemplate_Crafting_Cooking_Venison,item_crafting_cooking_food_Venison,Venison,,,NameSkill_Consumable_FoodHealForDurationDesc,Restores [HealValue] health over [DurationCalculated]s.,cook:meat | ingredients:cooking | item:edible,Assets/Data/Templates/Items/ItemTemplates/CraftingIngredients/Cooking/Abstract/Abstract_ItemTemplate_Crafting_Meat.prefab | Assets/Data/Templates/Items/ItemTemplates/CraftingIngredients/Cooking/Abstract/Abstract_ItemTemplate_Crafting_Ingredient.prefab,Eat,1c2da8428b5a74142b93ed84593676a9 | d6b5b990cd4a1064ab940dda37b9b2c0,Assets/Data/Templates/SkillGraphs/Consumable/Prefabs/Consumable_ApplyStatus_FoodHealForDuration.prefab | Assets/Data/Templates/SkillGraphs/Consumable/Prefabs/Consumable_Overeat.prefab,0.5,10.0,5.0,HealthRegen,Assets/Data/Templates/Items/ItemTemplates/CraftingIngredients/Cooking/Meat/ItemTemplate_Crafting_Cooking_Venison.prefab
food,normal,ItemTemplate_Crafting_Cooking_WyrdVenison,item_crafting_cooking_food_WyrdVenison,Wyrd Venison,,,Template/description_locString_2543871262668956605_0f1184db835422f4093c694265dd833f,,cook:meat | ingredients:cooking | item:edible,Assets/Data/Templates/Items/ItemTemplates/CraftingIngredients/Cooking/Abstract/Abstract_ItemTemplate_Crafting_Meat.prefab | Assets/Data/Templates/Items/ItemTemplates/CraftingIngredients/Cooking/Abstract/Abstract_ItemTemplate_Crafting_Ingredient.prefab,Eat,d6b5b990cd4a1064ab940dda37b9b2c0,Assets/Data/Templates/SkillGraphs/Consumable/Prefabs/Consumable_Overeat.prefab,,,,,Assets/Data/Templates/Items/ItemTemplates/CraftingIngredients/Cooking/Meat/ItemTemplate_Crafting_Cooking_WyrdVenison.prefab
food,normal,ItemTemplate_CrazyConsumable_EvilEye,item_crafting_alchemy_EvilEye,Evil Eye,,,Template/description_locString_2543871262668956605_e4a9cf55ffa27754daac6c45cf3d160b,Locks [Stat] at 100% for [DurationCalculated]s.,item:important | alchemy:AnimalComp,Assets/Data/Templates/Items/ItemTemplates/CraftingIngredients/Cooking/Abstract/Abstract_ItemTemplate_Crafting_Herbs.prefab | Assets/Data/Templates/Items/ItemTemplates/CraftingIngredients/Cooking/Abstract/Abstract_ItemTemplate_Crafting_Ingredient.prefab,Eat,f27a0e59609285d4dafd5c4762ad0ea9,Assets/Data/Templates/SkillGraphs/Consumable/Prefabs/Consumable_ApplyStatus_StatLockAtFullForDuration.prefab,,10.0,,Mana | ManaUsageMultiplier,Assets/Data/Templates/Items/ItemTemplates/CrazyConsumables/Buffs/ItemTemplate_CrazyConsumable_EvilEye.prefab
potion,normal,ItemTemplate_Alchemy_AgileHunter,item_craftingresults_alchemy_AgileHunter,Agile Hunter,Template/flavor_locString_2543871262668956605_22b78e03b1a5b2f46be509218809838a,Smells like pure arcane energy and roses.,Template/description_locString_2543871262668956605_3db2b9233ad67cd40a31470a86757f37,"For [DurationCalculated]s, there is no movement penalty while walking with a drawn bow.",potions:advanced,Assets/Data/Templates/Items/ItemTemplates/AbstractTypes/Consumable/Abstract_ItemTemplate_PotionOther.prefab | Assets/Data/Templates/Items/ItemTemplates/AbstractTypes/Consumable/Partial/Abstract_ItemTemplate_Potion.prefab | Assets/Data/Templates/Items/ItemTemplates/AbstractTypes/Consumable/Partial/Abstract_ItemTemplate_Consumable.prefab,Eat,a837e47601d15e845b410704c66636bb,Assets/Data/Templates/SkillGraphs/Consumable/Prefabs/Consumable_ApplyStatus.prefab,,30.0,,ArrowRetrievalChance,Assets/Data/Templates/Items/ItemTemplates/CraftingResults/Alchemy/AdvancedPotions/ItemTemplate_Alchemy_AgileHunter.prefab
potion,not-in-use,ItemTemplate_Alchemy_AmbiguousBlessingsPotion,item_craftingresults_alchemy_AmbiguousBlessingsPotion,Ambiguous Blessings Potion,Template/flavor_locString_2543871262668956605_54d4087cb88c5234db2b6f7b8f0ba0ef,Testing lorem ipsum this thing here bla bla bla  Testing lorem ipsum this thing here bla bla bla  Testing lorem ipsum this thing here bla bla bla ,Template/description_locString_2543871262668956605_54d4087cb88c5234db2b6f7b8f0ba0ef,A curious potion that increases your [StatEnum_0] at the cost of all other skills.,,Assets/Data/Templates/Items/ItemTemplates/AbstractTypes/Consumable/Abstract_ItemTemplate_PotionOther.prefab | Assets/Data/Templates/Items/ItemTemplates/AbstractTypes/Consumable/Partial/Abstract_ItemTemplate_Potion.prefab | Assets/Data/Templates/Items/ItemTemplates/AbstractTypes/Consumable/Partial/Abstract_ItemTemplate_Consumable.prefab,Eat,7191459edbd5a2f4d8d9c324f5f105ad | e470752fda091834bb438c9fac397d74 | e470752fda091834bb438c9fac397d74 | e470752fda091834bb438c9fac397d74 | e470752fda091834bb438c9fac397d74 | e470752fda091834bb438c9fac397d74 | 044ae51b997dbfd4daa7ec3c4051d2a0,Assets/Data/Templates/SkillGraphs/Consumable/Prefabs/Consumable_ApplyStatus_StatIncreaseForDuration.prefab | Assets/Data/Templates/SkillGraphs/Consumable/Prefabs/Consumable_ApplyStatus_StatDecreaseForDuration.prefab | Assets/Data/Templates/SkillGraphs/Consumable/Prefabs/Consumable_ApplyStatus_StatDecreaseForDuration.prefab | Assets/Data/Templates/SkillGraphs/Consumable/Prefabs/Consumable_ApplyStatus_StatDecreaseForDuration.prefab | Assets/Data/Templates/SkillGraphs/Consumable/Prefabs/Consumable_ApplyStatus_StatDecreaseForDuration.prefab | Assets/Data/Templates/SkillGraphs/Consumable/Prefabs/Consumable_ApplyStatus_StatDecreaseForDuration.prefab | Assets/Data/Templates/SkillGraphs/Consumable/Prefabs/Consumable_OverdrinkAlchemy.prefab,5.0,60.0 | 60.0 | 30.0 | 30.0 | 30.0 | 30.0,300.0,Dexterity | Endurance | Perception | Practicality | Spirituality | Strength,Assets/Data/Templates/Items/ItemTemplates/CraftingResults/Alchemy/AdvancedPotions/NotInUse/ItemTemplate_Alchemy_AmbiguousBlessingsPotion.prefab
potion,normal,ItemTemplate_Alchemy_AntiAgingMedicine,item_craftingresults_alchemy_AntiAgingMedicine,Anti-Aging Medicine,Template/flavor_locString_2543871262668956605_883de231faa29f54d8959c3b3c1bab88,,Template/description_locString_2543871262668956605_883de231faa29f54d8959c3b3c1bab88,"Increases [StatEnum] by [AddValueCalculated] for [DurationCalculated] seconds.
May have side effects.",potions:quest | item:quest,Assets/Data/Templates/Items/ItemTemplates/AbstractTypes/Consumable/Partial/Abstract_ItemTemplate_Potion.prefab | Assets/Data/Templates/Items/ItemTemplates/AbstractTypes/Consumable/Partial/Abstract_ItemTemplate_Consumable.prefab,Eat,e4846d4bb4fa3674ab7082a71d710849 | acd627b35fa17234aa6b00ea69faf646,Assets/Data/Templates/SkillGraphs/Consumable/Alchemy/Alchemy_IncreaseStatForDurationSeveralEffects.prefab | Assets/Data/Templates/SkillGraphs/Consumable/Prefabs/Consumable_HealStatFlat_NonUpgradable.prefab,100.0,30.0,3000.0,MaxStamina | StaminaUsageMultiplier | StaminaRegen | Stamina,Assets/Data/Templates/Items/QuestCrafting/ItemTemplate_Alchemy_AntiAgingMedicine.prefab
potion,normal,ItemTemplate_Alchemy_Antidote,item_craftingresults_alchemy_Antidote,Antidote,,,Template/description_locString_2543871262668956605_5521207f755551242bcb660030a1ba00,,,Assets/Data/Templates/Items/ItemTemplates/AbstractTypes/Consumable/Abstract_ItemTemplate_PotionOther.prefab | Assets/Data/Templates/Items/ItemTemplates/AbstractTypes/Consumable/Partial/Abstract_ItemTemplate_Potion.prefab | Assets/Data/Templates/Items/ItemTemplates/AbstractTypes/Consumable/Partial/Abstract_ItemTemplate_Consumable.prefab,Eat,044ae51b997dbfd4daa7ec3c4051d2a0,Assets/Data/Templates/SkillGraphs/Consumable/Prefabs/Consumable_OverdrinkAlchemy.prefab,,,,,Assets/Data/Templates/Items/ItemTemplates/CraftingResults/Alchemy/NoIdea/ItemTemplate_Alchemy_Antidote.prefab
potion,normal,ItemTemplate_Alchemy_AromaticRemedy,item_craftingresults_alchemy_AromaticRemedy,Aromatic Remedy,Template/flavor_locString_2543871262668956605_be9c83c0568b8444ca91a75bb46077f8,A common herbal-scented concoction. ,description_generic_restorepercentofmaxstat,Restores [HealValueCalculated:P0] [StatEnum].,potions:basic | potions:folk | potions:healing,Assets/Data/Templates/Items/ItemTemplates/AbstractTypes/Consumable/Abstract_ItemTemplate_PotionHP.prefab | Assets/Data/Templates/Items/ItemTemplates/AbstractTypes/Consumable/Partial/Abstract_ItemTemplate_Potion.prefab | Assets/Data/Templates/Items/ItemTemplates/AbstractTypes/Consumable/Partial/Abstract_ItemTemplate_ConsumableHP.prefab | Assets/Data/Templates/Items/ItemTemplates/AbstractTypes/Consumable/Partial/Abstract_ItemTemplate_Consumable.prefab,Eat,d5ab45e7eb066a84ea55f9ab4f78b92f,Assets/Data/Templates/SkillGraphs/Consumable/Prefabs/Consumable_HealStatPercent.prefab,,,,Health | MaxHealth,Assets/Data/Templates/Items/ItemTemplates/CraftingResults/Alchemy/BasicPotions/ItemTemplate_Alchemy_AromaticRemedy.prefab
potion,normal,ItemTemplate_Alchemy_BeesNectar,item_craftingresults_alchemy_beesnectar,Bee Nectar,Template/flavor_locString_2543871262668956605_68c1677f5f1d79a458b0ebc307a1d0d9,A potion the druids used to always keep close at hand.,Template/description_locString_2543871262668956605_ae8228b967f022140b910d206846b7db,"Restores [HealValueCalculated:P0] [StatEnum], [HealValueCalculated_2:P0] [StatEnum_2], and [HealValueCalculated_3:P0] [StatEnum_3].",potions:advanced,Assets/Data/Templates/Items/ItemTemplates/AbstractTypes/Consumable/Abstract_ItemTemplate_PotionOther.prefab | Assets/Data/Templates/Items/ItemTemplates/AbstractTypes/Consumable/Partial/Abstract_ItemTemplate_Potion.prefab | Assets/Data/Templates/Items/ItemTemplates/AbstractTypes/Consumable/Partial/Abstract_ItemTemplate_Consumable.prefab,Eat,d5ab45e7eb066a84ea55f9ab4f78b92f | 044ae51b997dbfd4daa7ec3c4051d2a0 | d5ab45e7eb066a84ea55f9ab4f78b92f | d5ab45e7eb066a84ea55f9ab4f78b92f,Assets/Data/Templates/SkillGraphs/Consumable/Prefabs/Consumable_HealStatPercent.prefab | Assets/Data/Templates/SkillGraphs/Consumable/Prefabs/Consumable_OverdrinkAlchemy.prefab | Assets/Data/Templates/SkillGraphs/Consumable/Prefabs/Consumable_HealStatPercent.prefab | Assets/Data/Templates/SkillGraphs/Consumable/Prefabs/Consumable_HealStatPercent.prefab,,,,Mana | MaxMana | Health | MaxHealth | Stamina | MaxStamina,Assets/Data/Templates/Items/ItemTemplates/CraftingResults/Alchemy/AdvancedPotions/ItemTemplate_Alchemy_BeesNectar.prefab
potion,not-in-use,ItemTemplate_Alchemy_BloodcurdlingReagent,item_craftingresults_alchemy_BloodcurdlingReagent,Bloodcurdling Reagent,Template/flavor_locString_2543871262668956605_ea7dbae975ffe0740a7b41919dd68f5d,Missing,Template/description_locString_2543871262668956605_ea7dbae975ffe0740a7b41919dd68f5d,Applying to a weapon has a [ChanceToApply:P0] chance to inflict <k=StatusStun>Stun</k>.,,Assets/Data/Templates/Items/ItemTemplates/AbstractTypes/Consumable/Abstract_ItemTemplate_WeaponBuff.prefab | Assets/Data/Templates/Items/ItemTemplates/AbstractTypes/Consumable/Partial/Abstract_ItemTemplate_Potion.prefab | Assets/Data/Templates/Items/ItemTemplates/AbstractTypes/Consumable/Partial/Abstract_ItemTemplate_Consumable.prefab,,,,,,,,Assets/Data/Templates/Items/ItemTemplates/CrazyConsumables/WeaponGrease/NotInUse/ItemTemplate_Alchemy_BloodcurdlingReagent.prefab
potion,normal,ItemTemplate_Alchemy_BloodSuckerPotion,Template/itemName_2543871262668956605_590758b136a36284cb09c6b2a745124c,Blood Sucker Potion,Template/flavor_locString_2543871262668956605_22b78e03b1a5b2f46be509218809838a,Smells like pure arcane energy and roses.,NameSkill_Consumable_StatIncreasePercForDurationDesc,Increases [StatEnum] by [AddValueCalculated:P0] for [DurationCalculated]s.,potions:advanced,Assets/Data/Templates/Items/ItemTemplates/AbstractTypes/Consumable/Abstract_ItemTemplate_PotionOther.prefab | Assets/Data/Templates/Items/ItemTemplates/AbstractTypes/Consumable/Partial/Abstract_ItemTemplate_Potion.prefab | Assets/Data/Templates/Items/ItemTemplates/AbstractTypes/Consumable/Partial/Abstract_ItemTemplate_Consumable.prefab,Eat,7191459edbd5a2f4d8d9c324f5f105ad | 044ae51b997dbfd4daa7ec3c4051d2a0,Assets/Data/Templates/SkillGraphs/Consumable/Prefabs/Consumable_ApplyStatus_StatIncreaseForDuration.prefab | Assets/Data/Templates/SkillGraphs/Consumable/Prefabs/Consumable_OverdrinkAlchemy.prefab,0.10000000149011612,20.0 | 60.0,2.0000000298023224,LifeSteal | Health,Assets/Data/Templates/Items/ItemTemplates/CraftingResults/Alchemy/AdvancedPotions/ItemTemplate_Alchemy_BloodSuckerPotion.prefab
potion,normal,ItemTemplate_Alchemy_BoundHeart,item_craftingresults_alchemy_BoundHeart,Bound Heart,,,Template/description_locString_2543871262668956605_dd2179f3f3a76114eaa2e93a9188096f,Apply Weak ([BuildupCalculated]) to weapon.,potions:weapons,Assets/Data/Templates/Items/ItemTemplates/AbstractTypes/Consumable/Abstract_ItemTemplate_WeaponBuff.prefab | Assets/Data/Templates/Items/ItemTemplates/AbstractTypes/Consumable/Partial/Abstract_ItemTemplate_Potion.prefab | Assets/Data/Templates/Items/ItemTemplates/AbstractTypes/Consumable/Partial/Abstract_ItemTemplate_Consumable.prefab,,,,,,,,Assets/Data/Templates/Items/ItemTemplates/CraftingResults/Alchemy/WeaponsEffects/ItemTemplate_Alchemy_BoundHeart.prefab
potion,normal,ItemTemplate_Alchemy_Buff_IgniteSword,item_craftingresults_alchemy_igniteSword,Ignite Sword,,,Template/description_locString_2543871262668956605_01a4bc1a25b18b64a8e2b2631210bfa6,,,Assets/Data/Templates/Items/ItemTemplates/AbstractTypes/Consumable/Abstract_ItemTemplate_WeaponBuff.prefab | Assets/Data/Templates/Items/ItemTemplates/AbstractTypes/Consumable/Partial/Abstract_ItemTemplate_Potion.prefab | Assets/Data/Templates/Items/ItemTemplates/AbstractTypes/Consumable/Partial/Abstract_ItemTemplate_Consumable.prefab,,,,,,,,Assets/Data/Templates/Items/ItemTemplates/CraftingResults/Alchemy/NoIdea/ItemTemplate_Alchemy_Buff_IgniteSword.prefab
potion,normal,ItemTemplate_Alchemy_CallersGrace,item_craftingresults_alchemy_CallersGrace,Caller’s Grace,Template/flavor_locString_2543871262668956605_a8d04374b2268c443bff0632ab6839dc,,description_generic_consumable_increasesummonstat,Increases [StatEnum] of your Summons by [ValueCalculated:P0] for [DurationCalculated]s.,,Assets/Data/Templates/Items/ItemTemplates/AbstractTypes/Consumable/Abstract_ItemTemplate_PotionOther.prefab | Assets/Data/Templates/Items/ItemTemplates/AbstractTypes/Consumable/Partial/Abstract_ItemTemplate_Potion.prefab | Assets/Data/Templates/Items/ItemTemplates/AbstractTypes/Consumable/Partial/Abstract_ItemTemplate_Consumable.prefab,Eat,6aef6613d0867fe4591722916197c2f1,Assets/Data/Templates/SkillGraphs/Consumable/Prefabs/Consumable_ApplyStatusToSummons_IncreaseStat.prefab,,30.0,,Strength,Assets/Data/Templates/Items/ItemTemplates/CraftingResults/Alchemy/AdvancedPotions/ItemTemplate_Alchemy_CallersGrace.prefab
potion,normal,ItemTemplate_Alchemy_CerebroSpinalWater,item_craftingresults_alchemy_CerebroSpinalWater,Cerebro-Spinal Water,Template/flavor_locString_2543871262668956605_7b2c5ab64e18b8341be2663e9292af23,,Template/description_locString_2543871262668956605_7b2c5ab64e18b8341be2663e9292af23,Increase [StatEnum] by [AddValueCalculated] for [Duration] seconds.,,Assets/Data/Templates/Items/ItemTemplates/AbstractTypes/Consumable/Abstract_ItemTemplate_PotionOther.prefab | Assets/Data/Templates/Items/ItemTemplates/AbstractTypes/Consumable/Partial/Abstract_ItemTemplate_Potion.prefab | Assets/Data/Templates/Items/ItemTemplates/AbstractTypes/Consumable/Partial/Abstract_ItemTemplate_Consumable.prefab,Eat,7191459edbd5a2f4d8d9c324f5f105ad | 044ae51b997dbfd4daa7ec3c4051d2a0,Assets/Data/Templates/SkillGraphs/Consumable/Prefabs/Consumable_ApplyStatus_StatIncreaseForDuration.prefab | Assets/Data/Templates/SkillGraphs/Consumable/Prefabs/Consumable_OverdrinkAlchemy.prefab,5.0,60.0,300.0,Perception,Assets/Data/Templates/Items/ItemTemplates/CraftingResults/Alchemy/NoIdea/ItemTemplate_Alchemy_CerebroSpinalWater.prefab
potion,not-in-use,ItemTemplate_Alchemy_Chaga,item_craftingresults_alchemy_Chaga,Chaga,Template/flavor_locString_2543871262668956605_8f5a0ea2b0ef4ec4aa251a22705c341b,A dangerous druidic potion.,Template/description_locString_2543871262668956605_8f5a0ea2b0ef4ec4aa251a22705c341b,Increases [StatEnum_0] at the cost of all other skills.,,Assets/Data/Templates/Items/ItemTemplates/AbstractTypes/Consumable/Abstract_ItemTemplate_PotionHP.prefab | Assets/Data/Templates/Items/ItemTemplates/AbstractTypes/Consumable/Partial/Abstract_ItemTemplate_Potion.prefab | Assets/Data/Templates/Items/ItemTemplates/AbstractTypes/Consumable/Partial/Abstract_ItemTemplate_ConsumableHP.prefab | Assets/Data/Templates/Items/ItemTemplates/AbstractTypes/Consumable/Partial/Abstract_ItemTemplate_Consumable.prefab,Eat,7191459edbd5a2f4d8d9c324f5f105ad | e470752fda091834bb438c9fac397d74 | e470752fda091834bb438c9fac397d74 | e470752fda091834bb438c9fac397d74 | e470752fda091834bb438c9fac397d74 | e470752fda091834bb438c9fac397d74 | 044ae51b997dbfd4daa7ec3c4051d2a0,Assets/Data/Templates/SkillGraphs/Consumable/Prefabs/Consumable_ApplyStatus_StatIncreaseForDuration.prefab | Assets/Data/Templates/SkillGraphs/Consumable/Prefabs/Consumable_ApplyStatus_StatDecreaseForDuration.prefab | Assets/Data/Templates/SkillGraphs/Consumable/Prefabs/Consumable_ApplyStatus_StatDecreaseForDuration.prefab | Assets/Data/Templates/SkillGraphs/Consumable/Prefabs/Consumable_ApplyStatus_StatDecreaseForDuration.prefab | Assets/Data/Templates/SkillGraphs/Consumable/Prefabs/Consumable_ApplyStatus_StatDecreaseForDuration.prefab | Assets/Data/Templates/SkillGraphs/Consumable/Prefabs/Consumable_ApplyStatus_StatDecreaseForDuration.prefab | Assets/Data/Templates/SkillGraphs/Consumable/Prefabs/Consumable_OverdrinkAlchemy.prefab,5.0,60.0 | 30.0 | 30.0 | 30.0 | 30.0 | 30.0,300.0,Spirituality | Strength | Dexterity | Perception | Endurance | Practicality,Assets/Data/Templates/Items/ItemTemplates/CraftingResults/Alchemy/BasicPotions/NotInUse/ItemTemplate_Alchemy_Chaga.prefab
potion,not-in-use,ItemTemplate_Alchemy_CorrosiveBlood,item_craftingresults_alchemy_CorrosiveBlood,Corrosive Blood,Template/flavor_locString_2543871262668956605_d870cdfe134f50f4bb8a8c622622261b,It smells like the iron it bites into.,Template/description_locString_2543871262668956605_d870cdfe134f50f4bb8a8c622622261b,"Coats weapon, inflicting Corruption build-up.",item:important,Assets/Data/Templates/Items/ItemTemplates/AbstractTypes/Consumable/Abstract_ItemTemplate_WeaponBuff.prefab | Assets/Data/Templates/Items/ItemTemplates/AbstractTypes/Consumable/Partial/Abstract_ItemTemplate_Potion.prefab | Assets/Data/Templates/Items/ItemTemplates/AbstractTypes/Consumable/Partial/Abstract_ItemTemplate_Consumable.prefab,,,,,,,,Assets/Data/Templates/Items/ItemTemplates/CrazyConsumables/WeaponGrease/NotInUse/ItemTemplate_Alchemy_CorrosiveBlood.prefab
potion,normal,ItemTemplate_Alchemy_CrimsonbaneVenom,item_craftingresults_alchemy_CrimsonbaneVenom,Crimsonbane Venom,,,Template/description_locString_2543871262668956605_da483068c96a91944a36dccf124db269,Apply Poison ([BuildupCalculated]) to weapon.,potions:weapons,Assets/Data/Templates/Items/ItemTemplates/AbstractTypes/Consumable/Abstract_ItemTemplate_WeaponBuff.prefab | Assets/Data/Templates/Items/ItemTemplates/AbstractTypes/Consumable/Partial/Abstract_ItemTemplate_Potion.prefab | Assets/Data/Templates/Items/ItemTemplates/AbstractTypes/Consumable/Partial/Abstract_ItemTemplate_Consumable.prefab,,,,,,,,Assets/Data/Templates/Items/ItemTemplates/CraftingResults/Alchemy/WeaponsEffects/ItemTemplate_Alchemy_CrimsonbaneVenom.prefab
potion,normal,ItemTemplate_Alchemy_DangerousMixture,item_craftingresults_alchemy_DangerousMixture,Dangerous Mixture,,,Template/description_locString_2543871262668956605_db1f85652c5f41148bcbd00c8708a34a,Apply Confusion ([BuildupCalculated]) to weapon.,potions:weapons,Assets/Data/Templates/Items/ItemTemplates/AbstractTypes/Consumable/Abstract_ItemTemplate_WeaponBuff.prefab | Assets/Data/Templates/Items/ItemTemplates/AbstractTypes/Consumable/Partial/Abstract_ItemTemplate_Potion.prefab | Assets/Data/Templates/Items/ItemTemplates/AbstractTypes/Consumable/Partial/Abstract_ItemTemplate_Consumable.prefab,,,,,,,,Assets/Data/Templates/Items/ItemTemplates/CraftingResults/Alchemy/WeaponsEffects/ItemTemplate_Alchemy_DangerousMixture.prefab
potion,not-in-use,ItemTemplate_Alchemy_DesolateOnesConsolation,item_craftingresults_alchemy_DesolateOnesConsolation,Desolate One's Consolation,Template/flavor_locString_2543871262668956605_fd3d057e2c874ab4d9adfb14a5d2a3f8,Missing,Template/description_locString_2543871262668956605_fd3d057e2c874ab4d9adfb14a5d2a3f8,Consumption leads to Salvation.,,Assets/Data/Templates/Items/ItemTemplates/AbstractTypes/Consumable/Abstract_ItemTemplate_PotionOther.prefab | Assets/Data/Templates/Items/ItemTemplates/AbstractTypes/Consumable/Partial/Abstract_ItemTemplate_Potion.prefab | Assets/Data/Templates/Items/ItemTemplates/AbstractTypes/Consumable/Partial/Abstract_ItemTemplate_Consumable.prefab,Eat,67bd6c810c831db41bd9106b9ecde760 | 044ae51b997dbfd4daa7ec3c4051d2a0,Assets/Data/Templates/SkillGraphs/Consumable/Prefabs/Consumable_ApplyStatus_Bless.prefab | Assets/Data/Templates/SkillGraphs/Consumable/Prefabs/Consumable_OverdrinkAlchemy.prefab,,60.0 | 60.0,,,Assets/Data/Templates/Items/ItemTemplates/CraftingResults/Alchemy/AdvancedPotions/NotInUse/ItemTemplate_Alchemy_DesolateOnesConsolation.prefab
potion,normal,ItemTemplate_Alchemy_DigestionTincture,item_craftingresults_alchemy_DigestionTincture,Digestion Tincture,Template/flavor_locString_2543871262668956605_f7b7ff9cbc421a847b1822bead4b4cc2,Folk remedy used to cure problems with digestion.,description_generic_restorepercentofmaxstat,Restores [HealValueCalculated:P0] [StatEnum].,potions:folk | potions:healing | potions:advanced,Assets/Data/Templates/Items/ItemTemplates/AbstractTypes/Consumable/Abstract_ItemTemplate_PotionHP.prefab | Assets/Data/Templates/Items/ItemTemplates/AbstractTypes/Consumable/Partial/Abstract_ItemTemplate_Potion.prefab | Assets/Data/Templates/Items/ItemTemplates/AbstractTypes/Consumable/Partial/Abstract_ItemTemplate_ConsumableHP.prefab | Assets/Data/Templates/Items/ItemTemplates/AbstractTypes/Consumable/Partial/Abstract_ItemTemplate_Consumable.prefab,Eat,d5ab45e7eb066a84ea55f9ab4f78b92f,Assets/Data/Templates/SkillGraphs/Consumable/Prefabs/Consumable_HealStatPercent.prefab,,,,Health | MaxHealth,Assets/Data/Templates/Items/ItemTemplates/CraftingResults/Alchemy/AdvancedPotions/ItemTemplate_Alchemy_DigestionTincture.prefab
potion,normal,ItemTemplate_Alchemy_DisgustingHealthPotion,item_craftingresults_alchemy_DisgustingHealthPotion,Disgusting Health Potion,,,description_generic_restorestat,Restores [HealValueCalculated] [StatEnum].,potions:healing | potions:advanced | item:quest,Assets/Data/Templates/Items/ItemTemplates/AbstractTypes/Consumable/Partial/Abstract_ItemTemplate_Potion.prefab | Assets/Data/Templates/Items/ItemTemplates/AbstractTypes/Consumable/Partial/Abstract_ItemTemplate_Consumable.prefab,Eat,acd627b35fa17234aa6b00ea69faf646,Assets/Data/Templates/SkillGraphs/Consumable/Prefabs/Consumable_HealStatFlat_NonUpgradable.prefab,,,,Health,Assets/Data/Templates/Items/QuestCrafting/ItemTemplate_Alchemy_DisgustingHealthPotion.prefab
potion,normal,ItemTemplate_Alchemy_DraughtofParalysis,item_craftingresults_alchemy_DraughtofParalysis,Draught of Paralysis,,,Template/description_locString_2543871262668956605_31a749bc3251d7641b38f1ffdd585372,Applying to a weapon has a [ChanceToApply:P0] chance to inflict <k=StatusStun>Stun</k>.,potions:weapons,Assets/Data/Templates/Items/ItemTemplates/AbstractTypes/Consumable/Abstract_ItemTemplate_WeaponBuff.prefab | Assets/Data/Templates/Items/ItemTemplates/AbstractTypes/Consumable/Partial/Abstract_ItemTemplate_Potion.prefab | Assets/Data/Templates/Items/ItemTemplates/AbstractTypes/Consumable/Partial/Abstract_ItemTemplate_Consumable.prefab,,,,,,,,Assets/Data/Templates/Items/ItemTemplates/CraftingResults/Alchemy/WeaponsEffects/ItemTemplate_Alchemy_DraughtofParalysis.prefab
potion,not-in-use,ItemTemplate_Alchemy_DreadfulMush,item_craftingresults_alchemy_DreadfulMush,Dreadful Mush,Template/flavor_locString_2543871262668956605_c7a252d84abdc16428bae2fba9766cf7,"A bit of toxin can confuse one so much, that they forget who is a friend and who is an enemy.",Template/description_locString_2543871262668956605_c7a252d84abdc16428bae2fba9766cf7,"Coats weapon, inflicting Confusion build-up.",item:important,Assets/Data/Templates/Items/ItemTemplates/AbstractTypes/Consumable/Abstract_ItemTemplate_WeaponBuff.prefab | Assets/Data/Templates/Items/ItemTemplates/AbstractTypes/Consumable/Partial/Abstract_ItemTemplate_Potion.prefab | Assets/Data/Templates/Items/ItemTemplates/AbstractTypes/Consumable/Partial/Abstract_ItemTemplate_Consumable.prefab,,,,,,,,Assets/Data/Templates/Items/ItemTemplates/CrazyConsumables/WeaponGrease/NotInUse/ItemTemplate_Alchemy_DreadfulMush.prefab
potion,normal,ItemTemplate_Alchemy_DruidsFriend,item_craftingresults_alchemy_DruidsFriend,Druid's Friend,Template/flavor_locString_2543871262668956605_68c1677f5f1d79a458b0ebc307a1d0d9,A potion the druids used to always keep close at hand.,description_generic_restorepercentofmaxstat,Restores [HealValueCalculated:P0] [StatEnum].,potions:advanced,Assets/Data/Templates/Items/ItemTemplates/AbstractTypes/Consumable/Abstract_ItemTemplate_PotionMP.prefab | Assets/Data/Templates/Items/ItemTemplates/AbstractTypes/Consumable/Partial/Abstract_ItemTemplate_Potion.prefab | Assets/Data/Templates/Items/ItemTemplates/AbstractTypes/Consumable/Partial/Abstract_ItemTemplate_ConsumableMP.prefab | Assets/Data/Templates/Items/ItemTemplates/AbstractTypes/Consumable/Partial/Abstract_ItemTemplate_Consumable.prefab,Eat,d5ab45e7eb066a84ea55f9ab4f78b92f | 044ae51b997dbfd4daa7ec3c4051d2a0,Assets/Data/Templates/SkillGraphs/Consumable/Prefabs/Consumable_HealStatPercent.prefab | Assets/Data/Templates/SkillGraphs/Consumable/Prefabs/Consumable_OverdrinkAlchemy.prefab,,,,Mana | MaxMana,Assets/Data/Templates/Items/ItemTemplates/CraftingResults/Alchemy/AdvancedPotions/ItemTemplate_Alchemy_DruidsFriend.prefab
potion,not-in-use,ItemTemplate_Alchemy_DruidsTincture,item_craftingresults_alchemy_DruidsTincture,Druid's Tincture,Template/flavor_locString_2543871262668956605_34a437fae52f44c4ea5b4173a019b079,A strange druidic potion.,Template/description_locString_2543871262668956605_34a437fae52f44c4ea5b4173a019b079,"Gets people Drunk, yet increases their [StatEnum_0].",,Assets/Data/Templates/Items/ItemTemplates/AbstractTypes/Consumable/Abstract_ItemTemplate_PotionHP.prefab | Assets/Data/Templates/Items/ItemTemplates/AbstractTypes/Consumable/Partial/Abstract_ItemTemplate_Potion.prefab | Assets/Data/Templates/Items/ItemTemplates/AbstractTypes/Consumable/Partial/Abstract_ItemTemplate_ConsumableHP.prefab | Assets/Data/Templates/Items/ItemTemplates/AbstractTypes/Consumable/Partial/Abstract_ItemTemplate_Consumable.prefab,Eat,7191459edbd5a2f4d8d9c324f5f105ad | 6219faf0de359c24894f4d983ee7d636 | 044ae51b997dbfd4daa7ec3c4051d2a0,Assets/Data/Templates/SkillGraphs/Consumable/Prefabs/Consumable_ApplyStatus_StatIncreaseForDuration.prefab | Assets/Data/Templates/SkillGraphs/Consumable/Prefabs/Consumable_ApplyStatus_Drunk.prefab | Assets/Data/Templates/SkillGraphs/Consumable/Prefabs/Consumable_OverdrinkAlchemy.prefab,3.0,30.0,90.0,Practicality,Assets/Data/Templates/Items/ItemTemplates/CraftingResults/Alchemy/BasicPotions/NotInUse/ItemTemplate_Alchemy_DruidsTincture.prefab
potion,normal,ItemTemplate_Alchemy_DrunkWolf,item_craftingresults_alchemy_DrunkWolf,Drunk Wolf,,,Template/description_locString_2543871262668956605_44e3c9189aa7c0c46a09a4f6717c4afb,,,Assets/Data/Templates/Items/ItemTemplates/AbstractTypes/Consumable/Abstract_ItemTemplate_PotionOther.prefab | Assets/Data/Templates/Items/ItemTemplates/AbstractTypes/Consumable/Partial/Abstract_ItemTemplate_Potion.prefab | Assets/Data/Templates/Items/ItemTemplates/AbstractTypes/Consumable/Partial/Abstract_ItemTemplate_Consumable.prefab,Eat,044ae51b997dbfd4daa7ec3c4051d2a0,Assets/Data/Templates/SkillGraphs/Consumable/Prefabs/Consumable_OverdrinkAlchemy.prefab,,,,,Assets/Data/Templates/Items/ItemTemplates/CraftingResults/Alchemy/NoIdea/ItemTemplate_Alchemy_DrunkWolf.prefab
potion,normal,ItemTemplate_Alchemy_ElixirOfFastWalking,item_craftingresults_alchemy_ElixirOfFastWalking,Elixir of Fast Walking,Template/flavor_locString_2543871262668956605_c51e5b5429c453e49827143b93fe07f5,,NameSkill_Consumable_StatIncreasePercForDurationDesc,Increases [StatEnum] by [AddValueCalculated:P0] for [DurationCalculated]s.,potions:advanced,Assets/Data/Templates/Items/ItemTemplates/AbstractTypes/Consumable/Abstract_ItemTemplate_PotionOther.prefab | Assets/Data/Templates/Items/ItemTemplates/AbstractTypes/Consumable/Partial/Abstract_ItemTemplate_Potion.prefab | Assets/Data/Templates/Items/ItemTemplates/AbstractTypes/Consumable/Partial/Abstract_ItemTemplate_Consumable.prefab,Eat,f2ff280e9af8e82488af7cf1fec980a5 | 044ae51b997dbfd4daa7ec3c4051d2a0,Assets/Data/Templates/SkillGraphs/Consumable/Prefabs/Consumable_ApplyStatus_StatIncreasePercForDuration.prefab | Assets/Data/Templates/SkillGraphs/Consumable/Prefabs/Consumable_OverdrinkAlchemy.prefab,1.0,30.0 | 60.0,30.0,CrouchSpeedMultiplier | Health,Assets/Data/Templates/Items/ItemTemplates/CraftingResults/Alchemy/AdvancedPotions/ItemTemplate_Alchemy_ElixirOfFastWalking.prefab
potion,normal,ItemTemplate_Alchemy_ElixirOfYouth,item_ElixirOfYouth,Elixir of Youth,Template/flavor_locString_2543871262668956605_235f7ed1994d1cc49b6e947c19fab873,,Template/description_locString_2543871262668956605_235f7ed1994d1cc49b6e947c19fab873,"Does nothing.
Unless you don’t know that.",potions:quest | item:quest,Assets/Data/Templates/Items/ItemTemplates/AbstractTypes/Consumable/Partial/Abstract_ItemTemplate_Potion.prefab | Assets/Data/Templates/Items/ItemTemplates/AbstractTypes/Consumable/Partial/Abstract_ItemTemplate_Consumable.prefab,Eat,044ae51b997dbfd4daa7ec3c4051d2a0 | ec1609f89f4d90c4a8f9553b49e46008,Assets/Data/Templates/SkillGraphs/Consumable/Prefabs/Consumable_OverdrinkAlchemy.prefab | Assets/Data/Templates/SkillGraphs/Consumable/Alchemy/Alchemy_IncreaseStatForDuration.prefab,5.0,60.0,300.0,StaminaRegen,Assets/Data/Templates/Items/QuestCrafting/ItemTemplate_Alchemy_ElixirOfYouth.prefab
potion,normal,ItemTemplate_Alchemy_EssenceOfCold,item_craftingresults_alchemy_EssenceOfCold,Essence of Cold,Template/flavor_locString_2543871262668956605_b59e35fc64567bd40b36dbd7a97ef979,,NameSkill_Consumable_EssenceOfCold,Each arrow hit within [DurationCalculated]s of drinking deals an extra [DamagePercent:P0] Damage and an additional [FlatBonus] cold Damage.,potions:advanced,Assets/Data/Templates/Items/ItemTemplates/AbstractTypes/Consumable/Abstract_ItemTemplate_PotionOther.prefab | Assets/Data/Templates/Items/ItemTemplates/AbstractTypes/Consumable/Partial/Abstract_ItemTemplate_Potion.prefab | Assets/Data/Templates/Items/ItemTemplates/AbstractTypes/Consumable/Partial/Abstract_ItemTemplate_Consumable.prefab,Eat,e608353ff74b17c4d8f7537a5a3687d0 | 044ae51b997dbfd4daa7ec3c4051d2a0,Assets/Data/Templates/SkillGraphs/Consumable/Prefabs/Consumable_ApplyStatus_OnArrowHitApplyElementalDamage.prefab | Assets/Data/Templates/SkillGraphs/Consumable/Prefabs/Consumable_OverdrinkAlchemy.prefab,,20.0 | 60.0,,Mana | BowDrawSpeed | Health,Assets/Data/Templates/Items/ItemTemplates/CraftingResults/Alchemy/AdvancedPotions/ItemTemplate_Alchemy_EssenceOfCold.prefab
potion,normal,ItemTemplate_Alchemy_EssenceOfFire,item_craftingresults_alchemy_EssenceOfFire,Essence of Fire,Template/flavor_locString_2543871262668956605_b59e35fc64567bd40b36dbd7a97ef979,,NameSkill_Consumable_EssenceOfFire,Each arrow hit within [DurationCalculated]s of drinking deals an extra [DamagePercent:P0] Damage and an additional [FlatBonus] fire Damage.,potions:advanced,Assets/Data/Templates/Items/ItemTemplates/AbstractTypes/Consumable/Abstract_ItemTemplate_PotionOther.prefab | Assets/Data/Templates/Items/ItemTemplates/AbstractTypes/Consumable/Partial/Abstract_ItemTemplate_Potion.prefab | Assets/Data/Templates/Items/ItemTemplates/AbstractTypes/Consumable/Partial/Abstract_ItemTemplate_Consumable.prefab,Eat,e608353ff74b17c4d8f7537a5a3687d0 | 044ae51b997dbfd4daa7ec3c4051d2a0,Assets/Data/Templates/SkillGraphs/Consumable/Prefabs/Consumable_ApplyStatus_OnArrowHitApplyElementalDamage.prefab | Assets/Data/Templates/SkillGraphs/Consumable/Prefabs/Consumable_OverdrinkAlchemy.prefab,,20.0 | 60.0,,Mana | BowDrawSpeed | Health,Assets/Data/Templates/Items/ItemTemplates/CraftingResults/Alchemy/AdvancedPotions/ItemTemplate_Alchemy_EssenceOfFire.prefab
potion,normal,ItemTemplate_Alchemy_FaerieMush,item_craftingresults_alchemy_FaerieMush,Faerie Mush,Template/flavor_locString_2543871262668956605_da80d847687f5f345a2359e07fe184db,Druidic healing potion that makes people tipsy even though it contains no alcohol.,Template/description_locString_2543871262668956605_da80d847687f5f345a2359e07fe184db,Restores [HealValueCalculated:P0] [StatEnum] and gets one Drunk.,potions:advanced,Assets/Data/Templates/Items/ItemTemplates/AbstractTypes/Consumable/Abstract_ItemTemplate_PotionHP.prefab | Assets/Data/Templates/Items/ItemTemplates/AbstractTypes/Consumable/Partial/Abstract_ItemTemplate_Potion.prefab | Assets/Data/Templates/Items/ItemTemplates/AbstractTypes/Consumable/Partial/Abstract_ItemTemplate_ConsumableHP.prefab | Assets/Data/Templates/Items/ItemTemplates/AbstractTypes/Consumable/Partial/Abstract_ItemTemplate_Consumable.prefab,Eat,6219faf0de359c24894f4d983ee7d636 | d5ab45e7eb066a84ea55f9ab4f78b92f | 044ae51b997dbfd4daa7ec3c4051d2a0,Assets/Data/Templates/SkillGraphs/Consumable/Prefabs/Consumable_ApplyStatus_Drunk.prefab | Assets/Data/Templates/SkillGraphs/Consumable/Prefabs/Consumable_HealStatPercent.prefab | Assets/Data/Templates/SkillGraphs/Consumable/Prefabs/Consumable_OverdrinkAlchemy.prefab,,,,Health | MaxHealth,Assets/Data/Templates/Items/ItemTemplates/CraftingResults/Alchemy/AdvancedPotions/ItemTemplate_Alchemy_FaerieMush.prefab
potion,normal,ItemTemplate_Alchemy_Fireball,item_craftingresults_alchemy_Fireball,Fireball,Template/flavor_locString_2543871262668956605_aa229c7d00512c44b9754c80602b3007,"A potion of the Dál Riata tribes, it works like most of their potions.",NameSkill_Consumable_StatIncreasePercForDurationDesc,Increases [StatEnum] by [AddValueCalculated:P0] for [DurationCalculated]s.,potions:advanced,Assets/Data/Templates/Items/ItemTemplates/AbstractTypes/Consumable/Abstract_ItemTemplate_PotionOther.prefab | Assets/Data/Templates/Items/ItemTemplates/AbstractTypes/Consumable/Partial/Abstract_ItemTemplate_Potion.prefab | Assets/Data/Templates/Items/ItemTemplates/AbstractTypes/Consumable/Partial/Abstract_ItemTemplate_Consumable.prefab,Eat,f2ff280e9af8e82488af7cf1fec980a5 | 044ae51b997dbfd4daa7ec3c4051d2a0,Assets/Data/Templates/SkillGraphs/Consumable/Prefabs/Consumable_ApplyStatus_StatIncreasePercForDuration.prefab | Assets/Data/Templates/SkillGraphs/Consumable/Prefabs/Consumable_OverdrinkAlchemy.prefab,0.20000000298023224,60.0,12.000000178813934,CriticalChance,Assets/Data/Templates/Items/ItemTemplates/CraftingResults/Alchemy/AdvancedPotions/ItemTemplate_Alchemy_Fireball.prefab
potion,not-in-use,ItemTemplate_Alchemy_FireintheBelly,item_craftingresults_alchemy_FireintheBelly,Fire in the Belly,Template/flavor_locString_2543871262668956605_3bb217ff58f9cff40ba4adcca79e16e1,Missing,Template/description_locString_2543871262668956605_3bb217ff58f9cff40ba4adcca79e16e1,"Consumption leads to Suffering.
Increase [StatEnum_0] by [AddValueCalculated] for [DurationCalculated_0] seconds.
Set [StatEnum_1] to [SetValueCalculated] for [DurationCalculated_1] seconds.",,Assets/Data/Templates/Items/ItemTemplates/AbstractTypes/Consumable/Abstract_ItemTemplate_PotionOther.prefab | Assets/Data/Templates/Items/ItemTemplates/AbstractTypes/Consumable/Partial/Abstract_ItemTemplate_Potion.prefab | Assets/Data/Templates/Items/ItemTemplates/AbstractTypes/Consumable/Partial/Abstract_ItemTemplate_Consumable.prefab,Eat,7191459edbd5a2f4d8d9c324f5f105ad | b731cc1f56e41f543976e24fe0a8faa8 | a215be54d2d9dce48a86a2d2cc5fbf19 | 044ae51b997dbfd4daa7ec3c4051d2a0,Assets/Data/Templates/SkillGraphs/Consumable/Prefabs/Consumable_ApplyStatus_StatIncreaseForDuration.prefab | Assets/Data/Templates/SkillGraphs/Consumable/Prefabs/Consumable_ApplyStatus_StatSetForDuration.prefab | Assets/Data/Templates/SkillGraphs/Consumable/Prefabs/Consumable_ApplyStatus_Poison.prefab | Assets/Data/Templates/SkillGraphs/Consumable/Prefabs/Consumable_OverdrinkAlchemy.prefab,5.0,60.0 | 60.0 | 60.0,300.0,Strength | MaxMana,Assets/Data/Templates/Items/ItemTemplates/CraftingResults/Alchemy/AdvancedPotions/NotInUse/ItemTemplate_Alchemy_FireintheBelly.prefab
potion,not-in-use,ItemTemplate_Alchemy_FortifyingBeverage,item_craftingresults_alchemy_FortifyingBeverage,Fortifying Beverage,Template/flavor_locString_2543871262668956605_a60aac746acf0014180326758216f94f,A potion made according to a druidic recipe.,Template/description_locString_2543871262668956605_a60aac746acf0014180326758216f94f,"Increases Endurance, but makes one Drunk.",,Assets/Data/Templates/Items/ItemTemplates/AbstractTypes/Consumable/Abstract_ItemTemplate_PotionHP.prefab | Assets/Data/Templates/Items/ItemTemplates/AbstractTypes/Consumable/Partial/Abstract_ItemTemplate_Potion.prefab | Assets/Data/Templates/Items/ItemTemplates/AbstractTypes/Consumable/Partial/Abstract_ItemTemplate_ConsumableHP.prefab | Assets/Data/Templates/Items/ItemTemplates/AbstractTypes/Consumable/Partial/Abstract_ItemTemplate_Consumable.prefab,Eat,7191459edbd5a2f4d8d9c324f5f105ad | 6219faf0de359c24894f4d983ee7d636 | 044ae51b997dbfd4daa7ec3c4051d2a0,Assets/Data/Templates/SkillGraphs/Consumable/Prefabs/Consumable_ApplyStatus_StatIncreaseForDuration.prefab | Assets/Data/Templates/SkillGraphs/Consumable/Prefabs/Consumable_ApplyStatus_Drunk.prefab | Assets/Data/Templates/SkillGraphs/Consumable/Prefabs/Consumable_OverdrinkAlchemy.prefab,3.0,40.0,120.0,Endurance,Assets/Data/Templates/Items/ItemTemplates/CraftingResults/Alchemy/BasicPotions/NotInUse/ItemTemplate_Alchemy_FortifyingBeverage.prefab
potion,normal,ItemTemplate_Alchemy_GardenersTonic,item_craftingresults_alchemy_GardenersTonic,Gardener's Tonic,,,Template/description_locString_2543871262668956605_e75e7b4a48a03a14f9ad05a7f7abc9ec,"Consumption reduces strength of your attacks.
Decrease [StatEnum_0] by [LoseValueCalculated_0] for [Duration_0] seconds.
Decrease [StatEnum_1] by [LoseValueCalculated_1] for [Duration_1] seconds.",,Assets/Data/Templates/Items/ItemTemplates/AbstractTypes/Consumable/Abstract_ItemTemplate_PotionOther.prefab | Assets/Data/Templates/Items/ItemTemplates/AbstractTypes/Consumable/Partial/Abstract_ItemTemplate_Potion.prefab | Assets/Data/Templates/Items/ItemTemplates/AbstractTypes/Consumable/Partial/Abstract_ItemTemplate_Consumable.prefab,Eat,e470752fda091834bb438c9fac397d74 | e470752fda091834bb438c9fac397d74 | ccce2ab825287734eac3928f4e51bab3 | 044ae51b997dbfd4daa7ec3c4051d2a0,Assets/Data/Templates/SkillGraphs/Consumable/Prefabs/Consumable_ApplyStatus_StatDecreaseForDuration.prefab | Assets/Data/Templates/SkillGraphs/Consumable/Prefabs/Consumable_ApplyStatus_StatDecreaseForDuration.prefab | Assets/Data/Templates/SkillGraphs/Consumable/Prefabs/Consumable_ApplyStatus_Weak.prefab | Assets/Data/Templates/SkillGraphs/Consumable/Prefabs/Consumable_OverdrinkAlchemy.prefab,,10.0 | 10.0,,Practicality | Endurance,Assets/Data/Templates/Items/ItemTemplates/CraftingResults/Alchemy/NoIdea/ItemTemplate_Alchemy_GardenersTonic.prefab
potion,not-in-use,ItemTemplate_Alchemy_GreaterStagfatherBrew,item_craftingresults_alchemy_GreaterStagfatherBrew,Greater Stagfather Brew,Template/flavor_locString_2543871262668956605_24227a141c98ea24398f90e97b51c033,Missing,Template/description_locString_2543871262668956605_24227a141c98ea24398f90e97b51c033,Increase [StatEnum] by [AddValueCalculated] for [DurationCalculated] seconds.,,Assets/Data/Templates/Items/ItemTemplates/AbstractTypes/Consumable/Abstract_ItemTemplate_PotionOther.prefab | Assets/Data/Templates/Items/ItemTemplates/AbstractTypes/Consumable/Partial/Abstract_ItemTemplate_Potion.prefab | Assets/Data/Templates/Items/ItemTemplates/AbstractTypes/Consumable/Partial/Abstract_ItemTemplate_Consumable.prefab,Eat,7191459edbd5a2f4d8d9c324f5f105ad | 044ae51b997dbfd4daa7ec3c4051d2a0,Assets/Data/Templates/SkillGraphs/Consumable/Prefabs/Consumable_ApplyStatus_StatIncreaseForDuration.prefab | Assets/Data/Templates/SkillGraphs/Consumable/Prefabs/Consumable_OverdrinkAlchemy.prefab,5.0,60.0 | 60.0,300.0,Strength,Assets/Data/Templates/Items/ItemTemplates/CraftingResults/Alchemy/AdvancedPotions/NotInUse/ItemTemplate_Alchemy_GreaterStagfatherBrew.prefab
potion,normal,ItemTemplate_Alchemy_GreatHealthPotion,item_craftingresults_alchemy_GreatHealthPotion,Great Health Potion,Template/flavor_locString_2543871262668956605_699f42bf4eca7d14295a6f71d84ac516,The most powerful healing potion capable of bringing someone back from the brink of death.,description_generic_restorestat,Restores [HealValueCalculated] [StatEnum].,potions:healing | potions:advanced,Assets/Data/Templates/Items/ItemTemplates/AbstractTypes/Consumable/Abstract_ItemTemplate_PotionHP.prefab | Assets/Data/Templates/Items/ItemTemplates/AbstractTypes/Consumable/Partial/Abstract_ItemTemplate_Potion.prefab | Assets/Data/Templates/Items/ItemTemplates/AbstractTypes/Consumable/Partial/Abstract_ItemTemplate_ConsumableHP.prefab | Assets/Data/Templates/Items/ItemTemplates/AbstractTypes/Consumable/Partial/Abstract_ItemTemplate_Consumable.prefab,Eat,acd627b35fa17234aa6b00ea69faf646 | 044ae51b997dbfd4daa7ec3c4051d2a0,Assets/Data/Templates/SkillGraphs/Consumable/Prefabs/Consumable_HealStatFlat_NonUpgradable.prefab | Assets/Data/Templates/SkillGraphs/Consumable/Prefabs/Consumable_OverdrinkAlchemy.prefab,,,,Health,Assets/Data/Templates/Items/ItemTemplates/CraftingResults/Alchemy/AdvancedPotions/ItemTemplate_Alchemy_GreatHealthPotion.prefab
potion,normal,ItemTemplate_Alchemy_GreatManaPotion,item_craftingresults_alchemy_GreatManaPotion,Great Mana Potion,Template/flavor_locString_2543871262668956605_22b78e03b1a5b2f46be509218809838a,Smells like pure arcane energy and roses.,Template/description_locString_2543871262668956605_22b78e03b1a5b2f46be509218809838a,Restores [HealValueCalculated] [StatEnum].,potions:advanced,Assets/Data/Templates/Items/ItemTemplates/AbstractTypes/Consumable/Abstract_ItemTemplate_PotionMP.prefab | Assets/Data/Templates/Items/ItemTemplates/AbstractTypes/Consumable/Partial/Abstract_ItemTemplate_Potion.prefab | Assets/Data/Templates/Items/ItemTemplates/AbstractTypes/Consumable/Partial/Abstract_ItemTemplate_ConsumableMP.prefab | Assets/Data/Templates/Items/ItemTemplates/AbstractTypes/Consumable/Partial/Abstract_ItemTemplate_Consumable.prefab,Eat,acd627b35fa17234aa6b00ea69faf646 | 044ae51b997dbfd4daa7ec3c4051d2a0,Assets/Data/Templates/SkillGraphs/Consumable/Prefabs/Consumable_HealStatFlat_NonUpgradable.prefab | Assets/Data/Templates/SkillGraphs/Consumable/Prefabs/Consumable_OverdrinkAlchemy.prefab,,60.0,,Mana | Health,Assets/Data/Templates/Items/ItemTemplates/CraftingResults/Alchemy/AdvancedPotions/ItemTemplate_Alchemy_GreatManaPotion.prefab
potion,not-in-use,ItemTemplate_Alchemy_GrindylowsWits,item_craftingresults_alchemy_GrindylowsWits,Grindylow's Wits,,,Template/description_locString_2543871262668956605_4a558caedf9a2984c8ac0ca8f577fc61,Increase [StatEnum] by [AddValueCalculated] for [DurationCalculated] seconds.,,Assets/Data/Templates/Items/ItemTemplates/AbstractTypes/Consumable/Abstract_ItemTemplate_PotionOther.prefab | Assets/Data/Templates/Items/ItemTemplates/AbstractTypes/Consumable/Partial/Abstract_ItemTemplate_Potion.prefab | Assets/Data/Templates/Items/ItemTemplates/AbstractTypes/Consumable/Partial/Abstract_ItemTemplate_Consumable.prefab,Eat,7191459edbd5a2f4d8d9c324f5f105ad | 044ae51b997dbfd4daa7ec3c4051d2a0,Assets/Data/Templates/SkillGraphs/Consumable/Prefabs/Consumable_ApplyStatus_StatIncreaseForDuration.prefab | Assets/Data/Templates/SkillGraphs/Consumable/Prefabs/Consumable_OverdrinkAlchemy.prefab,5.0,60.0 | 60.0,300.0,Perception,Assets/Data/Templates/Items/ItemTemplates/CraftingResults/Alchemy/AdvancedPotions/NotInUse/ItemTemplate_Alchemy_GrindylowsWits.prefab
potion,not-in-use,ItemTemplate_Alchemy_HangmansBlood,item_craftingresults_alchemy_HangmansBlood,Hangman's Blood,Template/flavor_locString_2543871262668956605_30be4a8bfca6a994d8f6ab6da199f84f,Missing,Template/description_locString_2543871262668956605_30be4a8bfca6a994d8f6ab6da199f84f,Apply Corruption ([BuildupCalculated]) to weapon.,,Assets/Data/Templates/Items/ItemTemplates/AbstractTypes/Consumable/Abstract_ItemTemplate_WeaponBuff.prefab | Assets/Data/Templates/Items/ItemTemplates/AbstractTypes/Consumable/Partial/Abstract_ItemTemplate_Potion.prefab | Assets/Data/Templates/Items/ItemTemplates/AbstractTypes/Consumable/Partial/Abstract_ItemTemplate_Consumable.prefab,,,,,,,,Assets/Data/Templates/Items/ItemTemplates/CraftingResults/Alchemy/AdvancedPotions/NotInUse/Grease/ItemTemplate_Alchemy_HangmansBlood.prefab
potion,normal,ItemTemplate_Alchemy_HangmansFruitDecoction,item_craftingresults_alchemy_HangmansFruitDecoction,Hangman's Fruit Decoction,,,Template/description_locString_2543871262668956605_2d6b81dc173e17147b41555e1b32677f,Apply Weak ([BuildupCalculated]) to weapon.,potions:weapons,Assets/Data/Templates/Items/ItemTemplates/AbstractTypes/Consumable/Abstract_ItemTemplate_WeaponBuff.prefab | Assets/Data/Templates/Items/ItemTemplates/AbstractTypes/Consumable/Partial/Abstract_ItemTemplate_Potion.prefab | Assets/Data/Templates/Items/ItemTemplates/AbstractTypes/Consumable/Partial/Abstract_ItemTemplate_Consumable.prefab,,,,,,,,Assets/Data/Templates/Items/ItemTemplates/CraftingResults/Alchemy/WeaponsEffects/ItemTemplate_Alchemy_HangmansFruitDecoction.prefab
potion,not-in-use,ItemTemplate_Alchemy_HealingTincture,item_craftingresults_alchemy_HealingTincture,Healing Tincture,Template/flavor_locString_2543871262668956605_777b23c9a3271d54cab4dc4a0950d9a5,Common remedy for various ailments.,Template/description_locString_2543871262668956605_777b23c9a3271d54cab4dc4a0950d9a5,Heals [HealValueCalculated] [StatEnum] over [DurationCalculated] seconds.,,Assets/Data/Templates/Items/ItemTemplates/AbstractTypes/Consumable/Abstract_ItemTemplate_PotionOther.prefab | Assets/Data/Templates/Items/ItemTemplates/AbstractTypes/Consumable/Partial/Abstract_ItemTemplate_Potion.prefab | Assets/Data/Templates/Items/ItemTemplates/AbstractTypes/Consumable/Partial/Abstract_ItemTemplate_Consumable.prefab,Eat,4d431d204820819429d8f7bac4177644 | 044ae51b997dbfd4daa7ec3c4051d2a0,Assets/Data/Templates/SkillGraphs/Consumable/Prefabs/Consumable_ApplyStatus_HealOverTimeStatusFlat.prefab | Assets/Data/Templates/SkillGraphs/Consumable/Prefabs/Consumable_OverdrinkAlchemy.prefab,,10.0,,Health,Assets/Data/Templates/Items/ItemTemplates/CraftingResults/Alchemy/BasicPotions/NotInUse/ItemTemplate_Alchemy_HealingTincture.prefab
potion,normal,ItemTemplate_Alchemy_HealthPotion,item_craftingresults_alchemy_HealthPotion,Health Potion,Template/flavor_locString_2543871262668956605_b1ddceda57b38ce43b1fb6d82483d35f,Most common druidic potion.,description_generic_restorestat,Restores [HealValueCalculated] [StatEnum].,potions:basic | potions:healing,Assets/Data/Templates/Items/ItemTemplates/AbstractTypes/Consumable/Abstract_ItemTemplate_PotionHP.prefab | Assets/Data/Templates/Items/ItemTemplates/AbstractTypes/Consumable/Partial/Abstract_ItemTemplate_Potion.prefab | Assets/Data/Templates/Items/ItemTemplates/AbstractTypes/Consumable/Partial/Abstract_ItemTemplate_ConsumableHP.prefab | Assets/Data/Templates/Items/ItemTemplates/AbstractTypes/Consumable/Partial/Abstract_ItemTemplate_Consumable.prefab,Eat,acd627b35fa17234aa6b00ea69faf646,Assets/Data/Templates/SkillGraphs/Consumable/Prefabs/Consumable_HealStatFlat_NonUpgradable.prefab,,,,Health,Assets/Data/Templates/Items/ItemTemplates/CraftingResults/Alchemy/BasicPotions/ItemTemplate_Alchemy_HealthPotion.prefab
potion,normal,ItemTemplate_Alchemy_Heartburn,item_craftingresults_alchemy_Heartburn,Heartburn,,,Template/description_locString_2543871262668956605_24a294e97e786dd4dbc36a814e296b7d,Apply Burn ([BuildupCalculated]) to weapon.,potions:weapons,Assets/Data/Templates/Items/ItemTemplates/AbstractTypes/Consumable/Abstract_ItemTemplate_WeaponBuff.prefab | Assets/Data/Templates/Items/ItemTemplates/AbstractTypes/Consumable/Partial/Abstract_ItemTemplate_Potion.prefab | Assets/Data/Templates/Items/ItemTemplates/AbstractTypes/Consumable/Partial/Abstract_ItemTemplate_Consumable.prefab,,,,,,,,Assets/Data/Templates/Items/ItemTemplates/CraftingResults/Alchemy/WeaponsEffects/ItemTemplate_Alchemy_Heartburn.prefab
potion,normal,ItemTemplate_Alchemy_HeavyHeart,item_craftingresults_alchemy_HeavyHeart,Heavy Heart,,,Template/description_locString_2543871262668956605_884d3e7930ad62e45ae9819d42506232,Apply Weak ([BuildupCalculated]) to weapon.,potions:weapons,Assets/Data/Templates/Items/ItemTemplates/AbstractTypes/Consumable/Abstract_ItemTemplate_WeaponBuff.prefab | Assets/Data/Templates/Items/ItemTemplates/AbstractTypes/Consumable/Partial/Abstract_ItemTemplate_Potion.prefab | Assets/Data/Templates/Items/ItemTemplates/AbstractTypes/Consumable/Partial/Abstract_ItemTemplate_Consumable.prefab,,,,,,,,Assets/Data/Templates/Items/ItemTemplates/CraftingResults/Alchemy/WeaponsEffects/ItemTemplate_Alchemy_HeavyHeart.prefab
potion,normal,ItemTemplate_Alchemy_HuntersLuckPotion,Template/itemName_2543871262668956605_a5c85c299664eb949bcb9bcee35d8eb3,Hunter’s Luck Potion,Template/flavor_locString_2543871262668956605_a5c85c299664eb949bcb9bcee35d8eb3,,Template/description_locString_2543871262668956605_a5c85c299664eb949bcb9bcee35d8eb3,"Your arrows do not break on impact for [DurationCalculated]s, allowing you to always retrieve them.",potions:advanced,Assets/Data/Templates/Items/ItemTemplates/AbstractTypes/Consumable/Abstract_ItemTemplate_PotionOther.prefab | Assets/Data/Templates/Items/ItemTemplates/AbstractTypes/Consumable/Partial/Abstract_ItemTemplate_Potion.prefab | Assets/Data/Templates/Items/ItemTemplates/AbstractTypes/Consumable/Partial/Abstract_ItemTemplate_Consumable.prefab,Eat,7191459edbd5a2f4d8d9c324f5f105ad,Assets/Data/Templates/SkillGraphs/Consumable/Prefabs/Consumable_ApplyStatus_StatIncreaseForDuration.prefab,1.0,120.0,120.0,ArrowRetrievalChance,Assets/Data/Templates/Items/ItemTemplates/CraftingResults/Alchemy/AdvancedPotions/ItemTemplate_Alchemy_HuntersLuckPotion.prefab
potion,not-in-use,ItemTemplate_Alchemy_InnerFire,item_craftingresults_alchemy_InnerFire,Inner Fire,,,Template/description_locString_2543871262668956605_eaea6dd2e443d9a4ab0f2344504b5ffc,"Consumption leads to insobriety.
Decrease [StatEnum_0] by [LoseValueCalculated]% for [DurationCalculated_0] seconds.
Increase [StatEnum_1] by [AddValueCalculated] for [DurationCalculated_1] seconds.",,Assets/Data/Templates/Items/ItemTemplates/AbstractTypes/Consumable/Abstract_ItemTemplate_PotionOther.prefab | Assets/Data/Templates/Items/ItemTemplates/AbstractTypes/Consumable/Partial/Abstract_ItemTemplate_Potion.prefab | Assets/Data/Templates/Items/ItemTemplates/AbstractTypes/Consumable/Partial/Abstract_ItemTemplate_Consumable.prefab,Eat,404b1cdf48cca2b498b749a4ea85125b | 7191459edbd5a2f4d8d9c324f5f105ad | 6219faf0de359c24894f4d983ee7d636 | 044ae51b997dbfd4daa7ec3c4051d2a0,Assets/Data/Templates/SkillGraphs/Consumable/Prefabs/Consumable_ApplyStatus_StatDecreasePercForDuration.prefab | Assets/Data/Templates/SkillGraphs/Consumable/Prefabs/Consumable_ApplyStatus_StatIncreaseForDuration.prefab | Assets/Data/Templates/SkillGraphs/Consumable/Prefabs/Consumable_ApplyStatus_Drunk.prefab | Assets/Data/Templates/SkillGraphs/Consumable/Prefabs/Consumable_OverdrinkAlchemy.prefab,5.0,60.0 | 120.0,600.0,MaxMana | Strength,Assets/Data/Templates/Items/ItemTemplates/CraftingResults/Alchemy/AdvancedPotions/NotInUse/ItemTemplate_Alchemy_InnerFire.prefab
potion,not-in-use,ItemTemplate_Alchemy_IronBack,item_craftingresults_alchemy_IronBack,Iron Back,Template/flavor_locString_2543871262668956605_b02de9b4d21b7544b83f8daf72b17bf0,A potion created by people studying monsters.,Template/description_locString_2543871262668956605_b02de9b4d21b7544b83f8daf72b17bf0,"Increases Endurance, but causes Poison.",,Assets/Data/Templates/Items/ItemTemplates/AbstractTypes/Consumable/Abstract_ItemTemplate_PotionHP.prefab | Assets/Data/Templates/Items/ItemTemplates/AbstractTypes/Consumable/Partial/Abstract_ItemTemplate_Potion.prefab | Assets/Data/Templates/Items/ItemTemplates/AbstractTypes/Consumable/Partial/Abstract_ItemTemplate_ConsumableHP.prefab | Assets/Data/Templates/Items/ItemTemplates/AbstractTypes/Consumable/Partial/Abstract_ItemTemplate_Consumable.prefab,Eat,7191459edbd5a2f4d8d9c324f5f105ad | a215be54d2d9dce48a86a2d2cc5fbf19 | 044ae51b997dbfd4daa7ec3c4051d2a0,Assets/Data/Templates/SkillGraphs/Consumable/Prefabs/Consumable_ApplyStatus_StatIncreaseForDuration.prefab | Assets/Data/Templates/SkillGraphs/Consumable/Prefabs/Consumable_ApplyStatus_Poison.prefab | Assets/Data/Templates/SkillGraphs/Consumable/Prefabs/Consumable_OverdrinkAlchemy.prefab,5.0,180.0 | 60.0,900.0,Endurance,Assets/Data/Templates/Items/ItemTemplates/CraftingResults/Alchemy/BasicPotions/NotInUse/ItemTemplate_Alchemy_IronBack.prefab
potion,not-in-use,ItemTemplate_Alchemy_IronBlood,item_craftingresults_alchemy_IronBlood,Iron Blood,Template/flavor_locString_2543871262668956605_5ff275913bfb2614dbeb30f2eaf5fc1d,A potion created by people studying monsters.,Template/description_locString_2543871262668956605_5ff275913bfb2614dbeb30f2eaf5fc1d,"Increases Endurance, but causes Poison.",,Assets/Data/Templates/Items/ItemTemplates/AbstractTypes/Consumable/Abstract_ItemTemplate_PotionHP.prefab | Assets/Data/Templates/Items/ItemTemplates/AbstractTypes/Consumable/Partial/Abstract_ItemTemplate_Potion.prefab | Assets/Data/Templates/Items/ItemTemplates/AbstractTypes/Consumable/Partial/Abstract_ItemTemplate_ConsumableHP.prefab | Assets/Data/Templates/Items/ItemTemplates/AbstractTypes/Consumable/Partial/Abstract_ItemTemplate_Consumable.prefab,Eat,7191459edbd5a2f4d8d9c324f5f105ad | a215be54d2d9dce48a86a2d2cc5fbf19 | 044ae51b997dbfd4daa7ec3c4051d2a0,Assets/Data/Templates/SkillGraphs/Consumable/Prefabs/Consumable_ApplyStatus_StatIncreaseForDuration.prefab | Assets/Data/Templates/SkillGraphs/Consumable/Prefabs/Consumable_ApplyStatus_Poison.prefab | Assets/Data/Templates/SkillGraphs/Consumable/Prefabs/Consumable_OverdrinkAlchemy.prefab,5.0,60.0 | 60.0,300.0,Endurance,Assets/Data/Templates/Items/ItemTemplates/CraftingResults/Alchemy/BasicPotions/NotInUse/ItemTemplate_Alchemy_IronBlood.prefab
potion,not-in-use,ItemTemplate_Alchemy_IronWillPhilter,item_craftingresults_alchemy_IronWillPhilter,Iron Will Philter,,,Template/description_locString_2543871262668956605_a1259b370108c7b4c9be40f8c9800465,,,Assets/Data/Templates/Items/ItemTemplates/AbstractTypes/Consumable/Abstract_ItemTemplate_PotionOther.prefab | Assets/Data/Templates/Items/ItemTemplates/AbstractTypes/Consumable/Partial/Abstract_ItemTemplate_Potion.prefab | Assets/Data/Templates/Items/ItemTemplates/AbstractTypes/Consumable/Partial/Abstract_ItemTemplate_Consumable.prefab,Eat,044ae51b997dbfd4daa7ec3c4051d2a0,Assets/Data/Templates/SkillGraphs/Consumable/Prefabs/Consumable_OverdrinkAlchemy.prefab,5.0,10.0,50.0,,Assets/Data/Templates/Items/ItemTemplates/CraftingResults/Alchemy/AdvancedPotions/NotInUse/ItemTemplate_Alchemy_IronWillPhilter.prefab
potion,not-in-use,ItemTemplate_Alchemy_KeenEye,item_craftingresults_alchemy_KeenEye,Keen Eye,,,Template/description_locString_2543871262668956605_e690c29745998964a8e7048db253a4e6,Increase [StatEnum] by [AddValueCalculated] for [DurationCalculated] seconds.,,Assets/Data/Templates/Items/ItemTemplates/AbstractTypes/Consumable/Abstract_ItemTemplate_PotionOther.prefab | Assets/Data/Templates/Items/ItemTemplates/AbstractTypes/Consumable/Partial/Abstract_ItemTemplate_Potion.prefab | Assets/Data/Templates/Items/ItemTemplates/AbstractTypes/Consumable/Partial/Abstract_ItemTemplate_Consumable.prefab,Eat,7191459edbd5a2f4d8d9c324f5f105ad | 044ae51b997dbfd4daa7ec3c4051d2a0,Assets/Data/Templates/SkillGraphs/Consumable/Prefabs/Consumable_ApplyStatus_StatIncreaseForDuration.prefab | Assets/Data/Templates/SkillGraphs/Consumable/Prefabs/Consumable_OverdrinkAlchemy.prefab,5.0,60.0 | 60.0,300.0,Perception,Assets/Data/Templates/Items/ItemTemplates/CraftingResults/Alchemy/AdvancedPotions/NotInUse/ItemTemplate_Alchemy_KeenEye.prefab
potion,normal,ItemTemplate_Alchemy_KeepersVigor,item_keepersvigor,Keeper's Vigor,Template/flavor_locString_2543871262668956605_8df141114b411974fb0e72aee5b6fb10,A special potion invented by Jann Heber.,Template/description_locString_2543871262668956605_8df141114b411974fb0e72aee5b6fb10,Increases Movement Speed by 20% for [Duration]s.,potions:quest,Assets/Data/Templates/Items/ItemTemplates/AbstractTypes/Consumable/Abstract_ItemTemplate_PotionOther.prefab | Assets/Data/Templates/Items/ItemTemplates/AbstractTypes/Consumable/Partial/Abstract_ItemTemplate_Potion.prefab | Assets/Data/Templates/Items/ItemTemplates/AbstractTypes/Consumable/Partial/Abstract_ItemTemplate_Consumable.prefab,Eat,d26b97f0d9aec9d43a2f51892843afcb | 044ae51b997dbfd4daa7ec3c4051d2a0,Assets/Data/Templates/SkillGraphs/Consumable/Prefabs/Consumable_ApplyStatus_Haste.prefab | Assets/Data/Templates/SkillGraphs/Consumable/Prefabs/Consumable_OverdrinkAlchemy.prefab,,60.0,,,Assets/Data/Templates/Items/ItemTemplates/CraftingResults/Alchemy/BasicPotions/ItemTemplate_Alchemy_KeepersVigor.prefab
potion,not-in-use,ItemTemplate_Alchemy_LastDitchEffort,item_craftingresults_alchemy_LastDitchEffort,Last-Ditch Effort,,,Template/description_locString_2543871262668956605_200559185946f1541a9ce1fdcaba5934,"Increase [StatEnum_0] by [LoseValueCalculated_0] for [DurationCalculated_0] seconds.
Decrease [StatEnum_1] by [LoseValueCalculated_1] for [DurationCalculated_1] seconds.
Lose [HealValueCalculated_2] [StatEnum_2].",,Assets/Data/Templates/Items/ItemTemplates/AbstractTypes/Consumable/Abstract_ItemTemplate_PotionOther.prefab | Assets/Data/Templates/Items/ItemTemplates/AbstractTypes/Consumable/Partial/Abstract_ItemTemplate_Potion.prefab | Assets/Data/Templates/Items/ItemTemplates/AbstractTypes/Consumable/Partial/Abstract_ItemTemplate_Consumable.prefab,Eat,7191459edbd5a2f4d8d9c324f5f105ad | e470752fda091834bb438c9fac397d74 | 82278c6dc0202b6468f0a10d763255d5 | 044ae51b997dbfd4daa7ec3c4051d2a0,Assets/Data/Templates/SkillGraphs/Consumable/Prefabs/Consumable_ApplyStatus_StatIncreaseForDuration.prefab | Assets/Data/Templates/SkillGraphs/Consumable/Prefabs/Consumable_ApplyStatus_StatDecreaseForDuration.prefab | Assets/Data/Templates/SkillGraphs/Consumable/Prefabs/Consumable_LoseStatFlat.prefab | Assets/Data/Templates/SkillGraphs/Consumable/Prefabs/Consumable_OverdrinkAlchemy.prefab,5.0,60.0 | 60.0,300.0,Endurance | Dexterity | MaxMana,Assets/Data/Templates/Items/ItemTemplates/CraftingResults/Alchemy/AdvancedPotions/NotInUse/ItemTemplate_Alchemy_LastDitchEffort.prefab
potion,normal,ItemTemplate_Alchemy_LastStand,item_craftingresults_alchemy_LastStand,Last Stand,Template/flavor_locString_2543871262668956605_c01d46f1289ca7144bb6f6116fcb89aa,A potion of the Dál Riata Berserkers.,Template/description_locString_2543871262668956605_c01d46f1289ca7144bb6f6116fcb89aa,"Greatly reduces HP and Mana, but locks [Stat] at 100% for [DurationCalculated] seconds.",potions:advanced | potions:dalriata,Assets/Data/Templates/Items/ItemTemplates/AbstractTypes/Consumable/Abstract_ItemTemplate_PotionSP.prefab | Assets/Data/Templates/Items/ItemTemplates/AbstractTypes/Consumable/Partial/Abstract_ItemTemplate_Potion.prefab | Assets/Data/Templates/Items/ItemTemplates/AbstractTypes/Consumable/Partial/Abstract_ItemTemplate_ConsumableSP.prefab | Assets/Data/Templates/Items/ItemTemplates/AbstractTypes/Consumable/Partial/Abstract_ItemTemplate_Consumable.prefab,Eat,b731cc1f56e41f543976e24fe0a8faa8 | b731cc1f56e41f543976e24fe0a8faa8 | f27a0e59609285d4dafd5c4762ad0ea9 | 044ae51b997dbfd4daa7ec3c4051d2a0,Assets/Data/Templates/SkillGraphs/Consumable/Prefabs/Consumable_ApplyStatus_StatSetForDuration.prefab | Assets/Data/Templates/SkillGraphs/Consumable/Prefabs/Consumable_ApplyStatus_StatSetForDuration.prefab | Assets/Data/Templates/SkillGraphs/Consumable/Prefabs/Consumable_ApplyStatus_StatLockAtFullForDuration.prefab | Assets/Data/Templates/SkillGraphs/Consumable/Prefabs/Consumable_OverdrinkAlchemy.prefab,,60.0 | 60.0 | 60.0,,MaxHealth | MaxMana | Stamina | StaminaUsageMultiplier,Assets/Data/Templates/Items/ItemTemplates/CraftingResults/Alchemy/AdvancedPotions/ItemTemplate_Alchemy_LastStand.prefab
potion,normal,ItemTemplate_Alchemy_LeaperPotion,Template/itemName_2543871262668956605_7e804de1e6fcd5443b2a275f638aae5b,Leaper Potion,Template/flavor_locString_2543871262668956605_22b78e03b1a5b2f46be509218809838a,Smells like pure arcane energy and roses.,Template/description_locString_2543871262668956605_7e804de1e6fcd5443b2a275f638aae5b,Increases jump height by [AddValueCalculated:P0] for [DurationCalculated]s.,potions:advanced,Assets/Data/Templates/Items/ItemTemplates/AbstractTypes/Consumable/Abstract_ItemTemplate_PotionOther.prefab | Assets/Data/Templates/Items/ItemTemplates/AbstractTypes/Consumable/Partial/Abstract_ItemTemplate_Potion.prefab | Assets/Data/Templates/Items/ItemTemplates/AbstractTypes/Consumable/Partial/Abstract_ItemTemplate_Consumable.prefab,Eat,f2ff280e9af8e82488af7cf1fec980a5 | 044ae51b997dbfd4daa7ec3c4051d2a0,Assets/Data/Templates/SkillGraphs/Consumable/Prefabs/Consumable_ApplyStatus_StatIncreasePercForDuration.prefab | Assets/Data/Templates/SkillGraphs/Consumable/Prefabs/Consumable_OverdrinkAlchemy.prefab,0.800000011920929,30.0 | 60.0,24.00000035762787,JumpHeight | Health,Assets/Data/Templates/Items/ItemTemplates/CraftingResults/Alchemy/AdvancedPotions/ItemTemplate_Alchemy_LeaperPotion.prefab
potion,normal,ItemTemplate_Alchemy_LiquidConcussion,item_craftingresults_alchemy_LiquidConcussion,Liquid Concussion,,,Template/description_locString_2543871262668956605_3f4893c9b7ae98b4f89c80735338d737,Applying to a weapon has a [ChanceToApply:P0] chance to inflict <k=StatusStun>Stun</k>.,potions:weapons,Assets/Data/Templates/Items/ItemTemplates/AbstractTypes/Consumable/Abstract_ItemTemplate_WeaponBuff.prefab | Assets/Data/Templates/Items/ItemTemplates/AbstractTypes/Consumable/Partial/Abstract_ItemTemplate_Potion.prefab | Assets/Data/Templates/Items/ItemTemplates/AbstractTypes/Consumable/Partial/Abstract_ItemTemplate_Consumable.prefab,,,,,,,,Assets/Data/Templates/Items/ItemTemplates/CraftingResults/Alchemy/WeaponsEffects/ItemTemplate_Alchemy_LiquidConcussion.prefab
potion,not-in-use,ItemTemplate_Alchemy_LiquidGrace,item_craftingresults_alchemy_LiquidGrace,Liquid Grace,,,Template/description_locString_2543871262668956605_58a57e9e43d2a7344a71ab3ff7383166,"Consumption leads to insobriety.
Increase [StatEnum] by [AddValueCalculated] for [DurationCalculated] seconds.",,Assets/Data/Templates/Items/ItemTemplates/AbstractTypes/Consumable/Abstract_ItemTemplate_PotionOther.prefab | Assets/Data/Templates/Items/ItemTemplates/AbstractTypes/Consumable/Partial/Abstract_ItemTemplate_Potion.prefab | Assets/Data/Templates/Items/ItemTemplates/AbstractTypes/Consumable/Partial/Abstract_ItemTemplate_Consumable.prefab,Eat,7191459edbd5a2f4d8d9c324f5f105ad | 6219faf0de359c24894f4d983ee7d636 | 044ae51b997dbfd4daa7ec3c4051d2a0,Assets/Data/Templates/SkillGraphs/Consumable/Prefabs/Consumable_ApplyStatus_StatIncreaseForDuration.prefab | Assets/Data/Templates/SkillGraphs/Consumable/Prefabs/Consumable_ApplyStatus_Drunk.prefab | Assets/Data/Templates/SkillGraphs/Consumable/Prefabs/Consumable_OverdrinkAlchemy.prefab,5.0,60.0,300.0,Dexterity,Assets/Data/Templates/Items/ItemTemplates/CraftingResults/Alchemy/AdvancedPotions/NotInUse/ItemTemplate_Alchemy_LiquidGrace.prefab
potion,normal,ItemTemplate_Alchemy_LivingFlesh,item_craftingresults_alchemy_LivingFlesh,Living Flesh,,,Template/description_locString_2543871262668956605_003fc08832cbfe84abf3405771d46a22,"A potion created by people studying monsters. Increases Endurance, but causes Poison.",,Assets/Data/Templates/Items/ItemTemplates/AbstractTypes/Consumable/Abstract_ItemTemplate_PotionOther.prefab | Assets/Data/Templates/Items/ItemTemplates/AbstractTypes/Consumable/Partial/Abstract_ItemTemplate_Potion.prefab | Assets/Data/Templates/Items/ItemTemplates/AbstractTypes/Consumable/Partial/Abstract_ItemTemplate_Consumable.prefab,Eat,a215be54d2d9dce48a86a2d2cc5fbf19 | 7191459edbd5a2f4d8d9c324f5f105ad | 044ae51b997dbfd4daa7ec3c4051d2a0,Assets/Data/Templates/SkillGraphs/Consumable/Prefabs/Consumable_ApplyStatus_Poison.prefab | Assets/Data/Templates/SkillGraphs/Consumable/Prefabs/Consumable_ApplyStatus_StatIncreaseForDuration.prefab | Assets/Data/Templates/SkillGraphs/Consumable/Prefabs/Consumable_OverdrinkAlchemy.prefab,3.0,60.0 | 60.0,180.0,Endurance,Assets/Data/Templates/Items/ItemTemplates/CraftingResults/Alchemy/NoIdea/ItemTemplate_Alchemy_LivingFlesh.prefab
potion,normal,ItemTemplate_Alchemy_LovingWitchBrew,item_craftingresults_alchemy_LovingWitchBrew,Loving Witch Brew,Template/flavor_locString_2543871262668956605_b1c234f58c7ec91489a5f511687da8cb,Folk witchcraft. Intended for young lads who long for hours of passionate love.,NameSkill_Consumable_LockStatForDuration,Locks [Stat] at 100% for [DurationCalculated]s.,potions:advanced,Assets/Data/Templates/Items/ItemTemplates/AbstractTypes/Consumable/Abstract_ItemTemplate_PotionSP.prefab | Assets/Data/Templates/Items/ItemTemplates/AbstractTypes/Consumable/Partial/Abstract_ItemTemplate_Potion.prefab | Assets/Data/Templates/Items/ItemTemplates/AbstractTypes/Consumable/Partial/Abstract_ItemTemplate_ConsumableSP.prefab | Assets/Data/Templates/Items/ItemTemplates/AbstractTypes/Consumable/Partial/Abstract_ItemTemplate_Consumable.prefab,Eat,f27a0e59609285d4dafd5c4762ad0ea9 | 044ae51b997dbfd4daa7ec3c4051d2a0,Assets/Data/Templates/SkillGraphs/Consumable/Prefabs/Consumable_ApplyStatus_StatLockAtFullForDuration.prefab | Assets/Data/Templates/SkillGraphs/Consumable/Prefabs/Consumable_OverdrinkAlchemy.prefab,,10.0 | 60.0,,Stamina | StaminaUsageMultiplier,Assets/Data/Templates/Items/ItemTemplates/CraftingResults/Alchemy/AdvancedPotions/ItemTemplate_Alchemy_LovingWitchBrew.prefab
potion,normal,ItemTemplate_Alchemy_MadDog,item_craftingresults_alchemy_MadDog,Mad Dog,Template/flavor_locString_2543871262668956605_46af841360253864b9d5f91d28410f4e,A potion of the Dál Riata berserkers from the Theud tribe.,Template/description_locString_2543871262668956605_46af841360253864b9d5f91d28410f4e,"Greatly reduces HP, but locks [Stat] at 100% for [DurationCalculated] seconds.",potions:advanced | potions:dalriata,Assets/Data/Templates/Items/ItemTemplates/AbstractTypes/Consumable/Abstract_ItemTemplate_PotionSP.prefab | Assets/Data/Templates/Items/ItemTemplates/AbstractTypes/Consumable/Partial/Abstract_ItemTemplate_Potion.prefab | Assets/Data/Templates/Items/ItemTemplates/AbstractTypes/Consumable/Partial/Abstract_ItemTemplate_ConsumableSP.prefab | Assets/Data/Templates/Items/ItemTemplates/AbstractTypes/Consumable/Partial/Abstract_ItemTemplate_Consumable.prefab,Eat,b731cc1f56e41f543976e24fe0a8faa8 | f27a0e59609285d4dafd5c4762ad0ea9 | 044ae51b997dbfd4daa7ec3c4051d2a0,Assets/Data/Templates/SkillGraphs/Consumable/Prefabs/Consumable_ApplyStatus_StatSetForDuration.prefab | Assets/Data/Templates/SkillGraphs/Consumable/Prefabs/Consumable_ApplyStatus_StatLockAtFullForDuration.prefab | Assets/Data/Templates/SkillGraphs/Consumable/Prefabs/Consumable_OverdrinkAlchemy.prefab,,60.0 | 60.0 | 60.0,,MaxHealth | Stamina | StaminaUsageMultiplier,Assets/Data/Templates/Items/ItemTemplates/CraftingResults/Alchemy/AdvancedPotions/ItemTemplate_Alchemy_MadDog.prefab
potion,normal,ItemTemplate_Alchemy_ManaElixir,item_craftingresults_alchemy_ManaElixir,Mana Elixir,Template/flavor_locString_2543871262668956605_f9c36d379b9b9bc4fa6a5df6a5afdcea,The favorite potion among Kamelot's spellcasters.,description_generic_restorepercentofmaxstat,Restores [HealValueCalculated:P0] [StatEnum].,potions:advanced,Assets/Data/Templates/Items/ItemTemplates/AbstractTypes/Consumable/Abstract_ItemTemplate_PotionMP.prefab | Assets/Data/Templates/Items/ItemTemplates/AbstractTypes/Consumable/Partial/Abstract_ItemTemplate_Potion.prefab | Assets/Data/Templates/Items/ItemTemplates/AbstractTypes/Consumable/Partial/Abstract_ItemTemplate_ConsumableMP.prefab | Assets/Data/Templates/Items/ItemTemplates/AbstractTypes/Consumable/Partial/Abstract_ItemTemplate_Consumable.prefab,Eat,d5ab45e7eb066a84ea55f9ab4f78b92f,Assets/Data/Templates/SkillGraphs/Consumable/Prefabs/Consumable_HealStatPercent.prefab,,,,Mana | MaxMana,Assets/Data/Templates/Items/ItemTemplates/CraftingResults/Alchemy/AdvancedPotions/ItemTemplate_Alchemy_ManaElixir.prefab
potion,normal,ItemTemplate_Alchemy_ManaPotion,item_craftingresults_alchemy_ManaPotion,Mana Potion,Template/flavor_locString_2543871262668956605_24ee9fa008f31864bb1503a9583b7607,Most common druidic potion.,description_generic_restorestat,Restores [HealValueCalculated] [StatEnum].,potions:basic,Assets/Data/Templates/Items/ItemTemplates/AbstractTypes/Consumable/Abstract_ItemTemplate_PotionMP.prefab | Assets/Data/Templates/Items/ItemTemplates/AbstractTypes/Consumable/Partial/Abstract_ItemTemplate_Potion.prefab | Assets/Data/Templates/Items/ItemTemplates/AbstractTypes/Consumable/Partial/Abstract_ItemTemplate_ConsumableMP.prefab | Assets/Data/Templates/Items/ItemTemplates/AbstractTypes/Consumable/Partial/Abstract_ItemTemplate_Consumable.prefab,Eat,acd627b35fa17234aa6b00ea69faf646 | 044ae51b997dbfd4daa7ec3c4051d2a0,Assets/Data/Templates/SkillGraphs/Consumable/Prefabs/Consumable_HealStatFlat_NonUpgradable.prefab | Assets/Data/Templates/SkillGraphs/Consumable/Prefabs/Consumable_OverdrinkAlchemy.prefab,,,,Mana,Assets/Data/Templates/Items/ItemTemplates/CraftingResults/Alchemy/BasicPotions/ItemTemplate_Alchemy_ManaPotion.prefab
potion,not-in-use,ItemTemplate_Alchemy_MerlinsStrength,item_craftingresults_alchemy_MerlinsStrength,Merlin's Strength,,,Template/description_locString_2543871262668956605_74711d86ce72e8b4e81f953de585f62f,Consumption leads to Fragileness.,,Assets/Data/Templates/Items/ItemTemplates/AbstractTypes/Consumable/Abstract_ItemTemplate_PotionOther.prefab | Assets/Data/Templates/Items/ItemTemplates/AbstractTypes/Consumable/Partial/Abstract_ItemTemplate_Potion.prefab | Assets/Data/Templates/Items/ItemTemplates/AbstractTypes/Consumable/Partial/Abstract_ItemTemplate_Consumable.prefab,Eat,04a532c1e6eee9248b8078425168a7b3 | 09140fa6d0f4f7b43be46e563a4e2004 | 044ae51b997dbfd4daa7ec3c4051d2a0,Assets/Data/Templates/SkillGraphs/Consumable/Prefabs/Consumable_ApplyStatus_Rage.prefab | Assets/Data/Templates/SkillGraphs/Consumable/Prefabs/Consumable_ApplyStatus_Corruption.prefab | Assets/Data/Templates/SkillGraphs/Consumable/Prefabs/Consumable_OverdrinkAlchemy.prefab,,60.0 | 60.0,,,Assets/Data/Templates/Items/ItemTemplates/CraftingResults/Alchemy/AdvancedPotions/NotInUse/ItemTemplate_Alchemy_MerlinsStrength.prefab
potion,not-in-use,ItemTemplate_Alchemy_MindOverMatter,item_craftingresults_alchemy_MindOverMatter,Mind Over Matter,,,Template/description_locString_2543871262668956605_cff249e86c28988458d402d6d4831146,"Decrease [StatEnum_0] by [LoseValueCalculated_0] for [DurationCalculated_0] seconds.
Increase [StatEnum_1] by [AddValueCalculated_1] for [DurationCalculated_1] seconds.",,Assets/Data/Templates/Items/ItemTemplates/AbstractTypes/Consumable/Abstract_ItemTemplate_PotionOther.prefab | Assets/Data/Templates/Items/ItemTemplates/AbstractTypes/Consumable/Partial/Abstract_ItemTemplate_Potion.prefab | Assets/Data/Templates/Items/ItemTemplates/AbstractTypes/Consumable/Partial/Abstract_ItemTemplate_Consumable.prefab,Eat,e470752fda091834bb438c9fac397d74 | 7191459edbd5a2f4d8d9c324f5f105ad | 044ae51b997dbfd4daa7ec3c4051d2a0,Assets/Data/Templates/SkillGraphs/Consumable/Prefabs/Consumable_ApplyStatus_StatDecreaseForDuration.prefab | Assets/Data/Templates/SkillGraphs/Consumable/Prefabs/Consumable_ApplyStatus_StatIncreaseForDuration.prefab | Assets/Data/Templates/SkillGraphs/Consumable/Prefabs/Consumable_OverdrinkAlchemy.prefab,5.0,60.0 | 60.0,300.0,Perception | Spirituality,Assets/Data/Templates/Items/ItemTemplates/CraftingResults/Alchemy/AdvancedPotions/NotInUse/ItemTemplate_Alchemy_MindOverMatter.prefab
potion,not-in-use,ItemTemplate_Alchemy_MonsterDialysisTonic,item_craftingresults_alchemy_MonsterDialysisTonic,Monster Dialysis Tonic,Template/flavor_locString_2543871262668956605_7904ea5e2c61c104ab09099ef99ea2fa,A potion based on the forbidden alchemy of viscera.,Template/description_locString_2543871262668956605_7904ea5e2c61c104ab09099ef99ea2fa,Grants Haste.,,Assets/Data/Templates/Items/ItemTemplates/AbstractTypes/Consumable/Abstract_ItemTemplate_PotionOther.prefab | Assets/Data/Templates/Items/ItemTemplates/AbstractTypes/Consumable/Partial/Abstract_ItemTemplate_Potion.prefab | Assets/Data/Templates/Items/ItemTemplates/AbstractTypes/Consumable/Partial/Abstract_ItemTemplate_Consumable.prefab,Eat,d26b97f0d9aec9d43a2f51892843afcb | 044ae51b997dbfd4daa7ec3c4051d2a0,Assets/Data/Templates/SkillGraphs/Consumable/Prefabs/Consumable_ApplyStatus_Haste.prefab | Assets/Data/Templates/SkillGraphs/Consumable/Prefabs/Consumable_OverdrinkAlchemy.prefab,,60.0,,,Assets/Data/Templates/Items/ItemTemplates/CraftingResults/Alchemy/BasicPotions/NotInUse/ItemTemplate_Alchemy_MonsterDialysisTonic.prefab
potion,not-in-use,ItemTemplate_Alchemy_MonstrousDebris,item_craftingresults_alchemy_MonstrousDebris,Monstrous Debris,Template/flavor_locString_2543871262668956605_5f0ac81d3381624409bbf69a47dc5c35,A potion created by people studying monsters.,Template/description_locString_2543871262668956605_5f0ac81d3381624409bbf69a47dc5c35,Increases [StatEnum_0] at the cost of [StatEnum_1].,,Assets/Data/Templates/Items/ItemTemplates/AbstractTypes/Consumable/Abstract_ItemTemplate_PotionHP.prefab | Assets/Data/Templates/Items/ItemTemplates/AbstractTypes/Consumable/Partial/Abstract_ItemTemplate_Potion.prefab | Assets/Data/Templates/Items/ItemTemplates/AbstractTypes/Consumable/Partial/Abstract_ItemTemplate_ConsumableHP.prefab | Assets/Data/Templates/Items/ItemTemplates/AbstractTypes/Consumable/Partial/Abstract_ItemTemplate_Consumable.prefab,Eat,7191459edbd5a2f4d8d9c324f5f105ad | e470752fda091834bb438c9fac397d74 | 044ae51b997dbfd4daa7ec3c4051d2a0,Assets/Data/Templates/SkillGraphs/Consumable/Prefabs/Consumable_ApplyStatus_StatIncreaseForDuration.prefab | Assets/Data/Templates/SkillGraphs/Consumable/Prefabs/Consumable_ApplyStatus_StatDecreaseForDuration.prefab | Assets/Data/Templates/SkillGraphs/Consumable/Prefabs/Consumable_OverdrinkAlchemy.prefab,5.0,60.0 | 60.0,300.0,Spirituality | Endurance,Assets/Data/Templates/Items/ItemTemplates/CraftingResults/Alchemy/BasicPotions/NotInUse/ItemTemplate_Alchemy_MonstrousDebris.prefab
potion,normal,ItemTemplate_Alchemy_MouthfulofBlood,item_craftingresults_alchemy_MouthfulofBlood,Mouthful of Blood,,,Template/description_locString_2543871262668956605_cec941045634677458adffa421ef0ade,Apply Bleed ([BuildupCalculated]) to weapon.,potions:weapons,Assets/Data/Templates/Items/ItemTemplates/AbstractTypes/Consumable/Abstract_ItemTemplate_WeaponBuff.prefab | Assets/Data/Templates/Items/ItemTemplates/AbstractTypes/Consumable/Partial/Abstract_ItemTemplate_Potion.prefab | Assets/Data/Templates/Items/ItemTemplates/AbstractTypes/Consumable/Partial/Abstract_ItemTemplate_Consumable.prefab,,,,,,,,Assets/Data/Templates/Items/ItemTemplates/CraftingResults/Alchemy/WeaponsEffects/ItemTemplate_Alchemy_MouthfulofBlood.prefab
potion,normal,ItemTemplate_Alchemy_MuteFiend,item_craftingresults_alchemy_MuteFiend,Mute Fiend,,,Template/description_locString_2543871262668956605_64e1bc7d2bca64446adde4d1741e33f5,Apply Mute ([BuildupCalculated]) to weapon.,potions:weapons,Assets/Data/Templates/Items/ItemTemplates/AbstractTypes/Consumable/Abstract_ItemTemplate_WeaponBuff.prefab | Assets/Data/Templates/Items/ItemTemplates/AbstractTypes/Consumable/Partial/Abstract_ItemTemplate_Potion.prefab | Assets/Data/Templates/Items/ItemTemplates/AbstractTypes/Consumable/Partial/Abstract_ItemTemplate_Consumable.prefab,,,,,,,,Assets/Data/Templates/Items/ItemTemplates/CraftingResults/Alchemy/WeaponsEffects/ItemTemplate_Alchemy_MuteFiend.prefab
potion,normal,ItemTemplate_Alchemy_NewbornBliss,item_craftingresults_alchemy_NewbornBliss,Newborn Bliss,,,Template/description_locString_2543871262668956605_ab07297436714e642bc069def0d444ae,Apply Confusion ([BuildupCalculated]) to weapon.,potions:weapons,Assets/Data/Templates/Items/ItemTemplates/AbstractTypes/Consumable/Abstract_ItemTemplate_WeaponBuff.prefab | Assets/Data/Templates/Items/ItemTemplates/AbstractTypes/Consumable/Partial/Abstract_ItemTemplate_Potion.prefab | Assets/Data/Templates/Items/ItemTemplates/AbstractTypes/Consumable/Partial/Abstract_ItemTemplate_Consumable.prefab,,,,,,,,Assets/Data/Templates/Items/ItemTemplates/CraftingResults/Alchemy/WeaponsEffects/ItemTemplate_Alchemy_NewbornBliss.prefab
potion,not-in-use,ItemTemplate_Alchemy_NoxiousSeaEye,item_craftingresults_alchemy_NoxiousSeaEye,Noxious Sea Eye,,,Template/description_locString_2543871262668956605_ab73e6aa761e1784c9ed30feda83c68c,"Increase [StatEnum_0] by [AddValueCalculated_0] for [DurationCalculated_0] seconds.
Decrease [StatEnum_1] by [LoseValueCalculated_1] for [DurationCalculated_1] seconds.
Decrease [StatEnum_2] by [LoseValueCalculated_2] for [DurationCalculated_2] seconds.",,Assets/Data/Templates/Items/ItemTemplates/AbstractTypes/Consumable/Abstract_ItemTemplate_PotionOther.prefab | Assets/Data/Templates/Items/ItemTemplates/AbstractTypes/Consumable/Partial/Abstract_ItemTemplate_Potion.prefab | Assets/Data/Templates/Items/ItemTemplates/AbstractTypes/Consumable/Partial/Abstract_ItemTemplate_Consumable.prefab,Eat,7191459edbd5a2f4d8d9c324f5f105ad | e470752fda091834bb438c9fac397d74 | e470752fda091834bb438c9fac397d74 | 044ae51b997dbfd4daa7ec3c4051d2a0,Assets/Data/Templates/SkillGraphs/Consumable/Prefabs/Consumable_ApplyStatus_StatIncreaseForDuration.prefab | Assets/Data/Templates/SkillGraphs/Consumable/Prefabs/Consumable_ApplyStatus_StatDecreaseForDuration.prefab | Assets/Data/Templates/SkillGraphs/Consumable/Prefabs/Consumable_ApplyStatus_StatDecreaseForDuration.prefab | Assets/Data/Templates/SkillGraphs/Consumable/Prefabs/Consumable_OverdrinkAlchemy.prefab,5.0,60.0 | 60.0 | 120.0,300.0,Perception | Practicality | Dexterity,Assets/Data/Templates/Items/ItemTemplates/CraftingResults/Alchemy/AdvancedPotions/NotInUse/ItemTemplate_Alchemy_NoxiousSeaEye.prefab
potion,not-in-use,ItemTemplate_Alchemy_OBraonainRoots,item_craftingresults_alchemy_OBraonainRoots,Ó Braonáin Roots,,,Template/description_locString_2543871262668956605_94513d3db8e6db44f80404fe24cb44f6,"Increase [StatEnum_0] by [AddValueCalculated_0] for [DurationCalculated_0] seconds.
Lose [HealValueCalculated_1] [StatEnum_1] over [DurationCalculated_1] seconds.",,Assets/Data/Templates/Items/ItemTemplates/AbstractTypes/Consumable/Abstract_ItemTemplate_PotionOther.prefab | Assets/Data/Templates/Items/ItemTemplates/AbstractTypes/Consumable/Partial/Abstract_ItemTemplate_Potion.prefab | Assets/Data/Templates/Items/ItemTemplates/AbstractTypes/Consumable/Partial/Abstract_ItemTemplate_Consumable.prefab,Eat,7191459edbd5a2f4d8d9c324f5f105ad | ab6fea11bc58bc94c966b7e819c42240 | 044ae51b997dbfd4daa7ec3c4051d2a0,Assets/Data/Templates/SkillGraphs/Consumable/Prefabs/Consumable_ApplyStatus_StatIncreaseForDuration.prefab | Assets/Data/Templates/SkillGraphs/Consumable/Prefabs/Consumable_ApplyStatus_LoseOverTimeStatusFlat.prefab | Assets/Data/Templates/SkillGraphs/Consumable/Prefabs/Consumable_OverdrinkAlchemy.prefab,5.0,10.0 | 60.0,50.0,Perception | Health,Assets/Data/Templates/Items/ItemTemplates/CraftingResults/Alchemy/AdvancedPotions/NotInUse/ItemTemplate_Alchemy_OBraonainRoots.prefab
potion,not-in-use,ItemTemplate_Alchemy_OgresStrength,item_craftingresults_alchemy_OgresStrength,Ogre's Strength,,,Template/description_locString_2543871262668956605_35da1e8888fcd8942843505a81487bbc,Increase [StatEnum] by [AddValueCalculated] for [DurationCalculated] seconds.,,Assets/Data/Templates/Items/ItemTemplates/AbstractTypes/Consumable/Abstract_ItemTemplate_PotionOther.prefab | Assets/Data/Templates/Items/ItemTemplates/AbstractTypes/Consumable/Partial/Abstract_ItemTemplate_Potion.prefab | Assets/Data/Templates/Items/ItemTemplates/AbstractTypes/Consumable/Partial/Abstract_ItemTemplate_Consumable.prefab,Eat,7191459edbd5a2f4d8d9c324f5f105ad | 044ae51b997dbfd4daa7ec3c4051d2a0,Assets/Data/Templates/SkillGraphs/Consumable/Prefabs/Consumable_ApplyStatus_StatIncreaseForDuration.prefab | Assets/Data/Templates/SkillGraphs/Consumable/Prefabs/Consumable_OverdrinkAlchemy.prefab,5.0,10.0 | 60.0,50.0,Strength,Assets/Data/Templates/Items/ItemTemplates/CraftingResults/Alchemy/AdvancedPotions/NotInUse/ItemTemplate_Alchemy_OgresStrength.prefab
potion,not-in-use,ItemTemplate_Alchemy_OozingVapors,item_craftingresults_alchemy_OozingVapors,Oozing Vapors,,,Template/description_locString_2543871262668956605_84672c5657be49c43b1f8554ecb861b6,"Increase [StatEnum_0] by [AddValueCalculated_0] for [DurationCalculated_0] seconds.
Decrease [StatEnum_1] by [LoseValueCalculated_1]% for [DurationCalculated_1] seconds.
Lose [HealValueCalculated_2] [StatEnum_2] over [DurationCalculated_2] seconds.",,Assets/Data/Templates/Items/ItemTemplates/AbstractTypes/Consumable/Abstract_ItemTemplate_PotionOther.prefab | Assets/Data/Templates/Items/ItemTemplates/AbstractTypes/Consumable/Partial/Abstract_ItemTemplate_Potion.prefab | Assets/Data/Templates/Items/ItemTemplates/AbstractTypes/Consumable/Partial/Abstract_ItemTemplate_Consumable.prefab,Eat,7191459edbd5a2f4d8d9c324f5f105ad | 404b1cdf48cca2b498b749a4ea85125b | ab6fea11bc58bc94c966b7e819c42240 | 044ae51b997dbfd4daa7ec3c4051d2a0,Assets/Data/Templates/SkillGraphs/Consumable/Prefabs/Consumable_ApplyStatus_StatIncreaseForDuration.prefab | Assets/Data/Templates/SkillGraphs/Consumable/Prefabs/Consumable_ApplyStatus_StatDecreasePercForDuration.prefab | Assets/Data/Templates/SkillGraphs/Consumable/Prefabs/Consumable_ApplyStatus_LoseOverTimeStatusFlat.prefab | Assets/Data/Templates/SkillGraphs/Consumable/Prefabs/Consumable_OverdrinkAlchemy.prefab,5.0,10.0 | 60.0 | 30.0,50.0,Spirituality | MaxStamina | Health,Assets/Data/Templates/Items/ItemTemplates/CraftingResults/Alchemy/AdvancedPotions/NotInUse/ItemTemplate_Alchemy_OozingVapors.prefab
potion,not-in-use,ItemTemplate_Alchemy_OrderlyTincture,item_craftingresults_alchemy_OrderlyTincture,Orderly Tincture,,,Template/description_locString_2543871262668956605_8d5e1f767a650f84780f4831e6e6ed7e,Consumption leads to inebriation.,,Assets/Data/Templates/Items/ItemTemplates/AbstractTypes/Consumable/Abstract_ItemTemplate_PotionOther.prefab | Assets/Data/Templates/Items/ItemTemplates/AbstractTypes/Consumable/Partial/Abstract_ItemTemplate_Potion.prefab | Assets/Data/Templates/Items/ItemTemplates/AbstractTypes/Consumable/Partial/Abstract_ItemTemplate_Consumable.prefab,Eat,6219faf0de359c24894f4d983ee7d636 | 044ae51b997dbfd4daa7ec3c4051d2a0,Assets/Data/Templates/SkillGraphs/Consumable/Prefabs/Consumable_ApplyStatus_Drunk.prefab | Assets/Data/Templates/SkillGraphs/Consumable/Prefabs/Consumable_OverdrinkAlchemy.prefab,,60.0,,,Assets/Data/Templates/Items/ItemTemplates/CraftingResults/Alchemy/AdvancedPotions/NotInUse/ItemTemplate_Alchemy_OrderlyTincture.prefab
potion,normal,ItemTemplate_Alchemy_PlentifulResourcePotion,Template/itemName_2543871262668956605_ec695d600e5b37143a2adce4da531809,Plentiful Resource Potion,Template/flavor_locString_2543871262668956605_ec695d600e5b37143a2adce4da531809,,NameSkill_Consumable_LockStatForDuration,Locks [Stat] at 100% for [DurationCalculated]s.,potions:advanced,Assets/Data/Templates/Items/ItemTemplates/AbstractTypes/Consumable/Abstract_ItemTemplate_PotionMP.prefab | Assets/Data/Templates/Items/ItemTemplates/AbstractTypes/Consumable/Partial/Abstract_ItemTemplate_Potion.prefab | Assets/Data/Templates/Items/ItemTemplates/AbstractTypes/Consumable/Partial/Abstract_ItemTemplate_ConsumableMP.prefab | Assets/Data/Templates/Items/ItemTemplates/AbstractTypes/Consumable/Partial/Abstract_ItemTemplate_Consumable.prefab,Eat,f27a0e59609285d4dafd5c4762ad0ea9 | 044ae51b997dbfd4daa7ec3c4051d2a0,Assets/Data/Templates/SkillGraphs/Consumable/Prefabs/Consumable_ApplyStatus_StatLockAtFullForDuration.prefab | Assets/Data/Templates/SkillGraphs/Consumable/Prefabs/Consumable_OverdrinkAlchemy.prefab,,10.0 | 60.0,,Mana | ManaUsageMultiplier,Assets/Data/Templates/Items/ItemTemplates/CraftingResults/Alchemy/AdvancedPotions/ItemTemplate_Alchemy_PlentifulResourcePotion.prefab
potion,normal,ItemTemplate_Alchemy_PoisonousCoating,item_craftingresults_alchemy_PoisonousCoating,Poisonous Coating,,,Template/description_locString_2543871262668956605_4caee2a948f38654c865e47534bf3f6d,Apply Poison ([BuildupCalculated]) to weapon.,potions:weapons,Assets/Data/Templates/Items/ItemTemplates/AbstractTypes/Consumable/Abstract_ItemTemplate_WeaponBuff.prefab | Assets/Data/Templates/Items/ItemTemplates/AbstractTypes/Consumable/Partial/Abstract_ItemTemplate_Potion.prefab | Assets/Data/Templates/Items/ItemTemplates/AbstractTypes/Consumable/Partial/Abstract_ItemTemplate_Consumable.prefab,,,,,,,,Assets/Data/Templates/Items/ItemTemplates/CraftingResults/Alchemy/WeaponsEffects/ItemTemplate_Alchemy_PoisonousCoating.prefab
potion,not-in-use,ItemTemplate_Alchemy_PowderofSympathy,item_craftingresults_alchemy_PowderofSympathy,Powder of Sympathy,Template/flavor_locString_2543871262668956605_9e49c3e9b772b2c42a13458d973e97cf,A dangerous druidic potion.,Template/description_locString_2543871262668956605_9e49c3e9b772b2c42a13458d973e97cf,"Weaknes the user, but greatly enhances their [StatEnum] by [AddValueCalculated] for [DurationCalculated] seconds.",,Assets/Data/Templates/Items/ItemTemplates/AbstractTypes/Consumable/Abstract_ItemTemplate_PotionHP.prefab | Assets/Data/Templates/Items/ItemTemplates/AbstractTypes/Consumable/Partial/Abstract_ItemTemplate_Potion.prefab | Assets/Data/Templates/Items/ItemTemplates/AbstractTypes/Consumable/Partial/Abstract_ItemTemplate_ConsumableHP.prefab | Assets/Data/Templates/Items/ItemTemplates/AbstractTypes/Consumable/Partial/Abstract_ItemTemplate_Consumable.prefab,Eat,7191459edbd5a2f4d8d9c324f5f105ad | ccce2ab825287734eac3928f4e51bab3 | 044ae51b997dbfd4daa7ec3c4051d2a0,Assets/Data/Templates/SkillGraphs/Consumable/Prefabs/Consumable_ApplyStatus_StatIncreaseForDuration.prefab | Assets/Data/Templates/SkillGraphs/Consumable/Prefabs/Consumable_ApplyStatus_Weak.prefab | Assets/Data/Templates/SkillGraphs/Consumable/Prefabs/Consumable_OverdrinkAlchemy.prefab,5.0,180.0 | 10.0,900.0,Perception,Assets/Data/Templates/Items/ItemTemplates/CraftingResults/Alchemy/BasicPotions/NotInUse/ItemTemplate_Alchemy_PowderofSympathy.prefab
potion,normal,ItemTemplate_Alchemy_PrecisionPotion,Template/itemName_2543871262668956605_b59e35fc64567bd40b36dbd7a97ef979,Precision Potion,Template/flavor_locString_2543871262668956605_b59e35fc64567bd40b36dbd7a97ef979,,NameSkill_Consumable_StatIncreasePercForDurationDesc,Increases [StatEnum] by [AddValueCalculated:P0] for [DurationCalculated]s.,potions:advanced,Assets/Data/Templates/Items/ItemTemplates/AbstractTypes/Consumable/Abstract_ItemTemplate_PotionOther.prefab | Assets/Data/Templates/Items/ItemTemplates/AbstractTypes/Consumable/Partial/Abstract_ItemTemplate_Potion.prefab | Assets/Data/Templates/Items/ItemTemplates/AbstractTypes/Consumable/Partial/Abstract_ItemTemplate_Consumable.prefab,Eat,f2ff280e9af8e82488af7cf1fec980a5 | 044ae51b997dbfd4daa7ec3c4051d2a0,Assets/Data/Templates/SkillGraphs/Consumable/Prefabs/Consumable_ApplyStatus_StatIncreasePercForDuration.prefab | Assets/Data/Templates/SkillGraphs/Consumable/Prefabs/Consumable_OverdrinkAlchemy.prefab,0.25,30.0 | 60.0,7.5,CriticalChance | Health,Assets/Data/Templates/Items/ItemTemplates/CraftingResults/Alchemy/AdvancedPotions/ItemTemplate_Alchemy_PrecisionPotion.prefab
potion,not-in-use,ItemTemplate_Alchemy_PromiseofSpring,item_craftingresults_alchemy_PromiseofSpring,Promise of Spring,,,Template/description_locString_2543871262668956605_4b32dc4de7598cf499dccd719df441c9,"Increase [StatEnum_0] by [AddValueCalculated_0] for [DurationCalculated_0] seconds.
Decrease [StatEnum_1] by [LoseValueCalculated_1] for [DurationCalculated_1] seconds.",,Assets/Data/Templates/Items/ItemTemplates/AbstractTypes/Consumable/Abstract_ItemTemplate_PotionOther.prefab | Assets/Data/Templates/Items/ItemTemplates/AbstractTypes/Consumable/Partial/Abstract_ItemTemplate_Potion.prefab | Assets/Data/Templates/Items/ItemTemplates/AbstractTypes/Consumable/Partial/Abstract_ItemTemplate_Consumable.prefab,Eat,7191459edbd5a2f4d8d9c324f5f105ad | e470752fda091834bb438c9fac397d74 | 044ae51b997dbfd4daa7ec3c4051d2a0,Assets/Data/Templates/SkillGraphs/Consumable/Prefabs/Consumable_ApplyStatus_StatIncreaseForDuration.prefab | Assets/Data/Templates/SkillGraphs/Consumable/Prefabs/Consumable_ApplyStatus_StatDecreaseForDuration.prefab | Assets/Data/Templates/SkillGraphs/Consumable/Prefabs/Consumable_OverdrinkAlchemy.prefab,5.0,10.0 | 60.0,50.0,Dexterity | Strength,Assets/Data/Templates/Items/ItemTemplates/CraftingResults/Alchemy/AdvancedPotions/NotInUse/ItemTemplate_Alchemy_PromiseofSpring.prefab
potion,not-in-use,ItemTemplate_Alchemy_PromiseofStorm,item_craftingresults_alchemy_PromiseofStorm,Promise of Storm,,,Template/description_locString_2543871262668956605_fbf0ee568a89d6e48869b24a9bbd7026,"Increase [StatEnum_0] by [AddValueCalculated_0] for [DurationCalculated_0] seconds.
Decrease [StatEnum_1] by [LoseValueCalculated_1] for [DurationCalculated_1] seconds.",,Assets/Data/Templates/Items/ItemTemplates/AbstractTypes/Consumable/Abstract_ItemTemplate_PotionOther.prefab | Assets/Data/Templates/Items/ItemTemplates/AbstractTypes/Consumable/Partial/Abstract_ItemTemplate_Potion.prefab | Assets/Data/Templates/Items/ItemTemplates/AbstractTypes/Consumable/Partial/Abstract_ItemTemplate_Consumable.prefab,Eat,7191459edbd5a2f4d8d9c324f5f105ad | e470752fda091834bb438c9fac397d74 | 044ae51b997dbfd4daa7ec3c4051d2a0,Assets/Data/Templates/SkillGraphs/Consumable/Prefabs/Consumable_ApplyStatus_StatIncreaseForDuration.prefab | Assets/Data/Templates/SkillGraphs/Consumable/Prefabs/Consumable_ApplyStatus_StatDecreaseForDuration.prefab | Assets/Data/Templates/SkillGraphs/Consumable/Prefabs/Consumable_OverdrinkAlchemy.prefab,5.0,10.0 | 60.0,50.0,Dexterity | Strength,Assets/Data/Templates/Items/ItemTemplates/CraftingResults/Alchemy/AdvancedPotions/NotInUse/ItemTemplate_Alchemy_PromiseofStorm.prefab
potion,normal,ItemTemplate_Alchemy_QueensHoney,item_craftingresults_alchemy_queenshoney,Queen’s Honey,Template/flavor_locString_2543871262668956605_68c1677f5f1d79a458b0ebc307a1d0d9,A potion the druids used to always keep close at hand.,Template/description_locString_2543871262668956605_bce608222af360640b8f5a07b1fd41a4,"Restores 100% Health, 100% Mana, and 100% Stamina.",potions:advanced,Assets/Data/Templates/Items/ItemTemplates/AbstractTypes/Consumable/Abstract_ItemTemplate_PotionOther.prefab | Assets/Data/Templates/Items/ItemTemplates/AbstractTypes/Consumable/Partial/Abstract_ItemTemplate_Potion.prefab | Assets/Data/Templates/Items/ItemTemplates/AbstractTypes/Consumable/Partial/Abstract_ItemTemplate_Consumable.prefab,Eat,d5ab45e7eb066a84ea55f9ab4f78b92f | 044ae51b997dbfd4daa7ec3c4051d2a0 | d5ab45e7eb066a84ea55f9ab4f78b92f | d5ab45e7eb066a84ea55f9ab4f78b92f,Assets/Data/Templates/SkillGraphs/Consumable/Prefabs/Consumable_HealStatPercent.prefab | Assets/Data/Templates/SkillGraphs/Consumable/Prefabs/Consumable_OverdrinkAlchemy.prefab | Assets/Data/Templates/SkillGraphs/Consumable/Prefabs/Consumable_HealStatPercent.prefab | Assets/Data/Templates/SkillGraphs/Consumable/Prefabs/Consumable_HealStatPercent.prefab,,,,Mana | MaxMana | Health | MaxHealth | Stamina | MaxStamina,Assets/Data/Templates/Items/ItemTemplates/CraftingResults/Alchemy/AdvancedPotions/ItemTemplate_Alchemy_QueensHoney.prefab
potion,normal,ItemTemplate_Alchemy_RabbitJuice,Template/itemName_2543871262668956605_7204b60d209ea2b4a86dfce59491295f,Rabbit Juice,Template/flavor_locString_2543871262668956605_22b78e03b1a5b2f46be509218809838a,Smells like pure arcane energy and roses.,Template/description_locString_2543871262668956605_7204b60d209ea2b4a86dfce59491295f,Increases how many times one can Dash without a penalty by [AddValueCalculated] for [DurationCalculated] seconds.,potions:advanced,Assets/Data/Templates/Items/ItemTemplates/AbstractTypes/Consumable/Abstract_ItemTemplate_PotionOther.prefab | Assets/Data/Templates/Items/ItemTemplates/AbstractTypes/Consumable/Partial/Abstract_ItemTemplate_Potion.prefab | Assets/Data/Templates/Items/ItemTemplates/AbstractTypes/Consumable/Partial/Abstract_ItemTemplate_Consumable.prefab,Eat,7191459edbd5a2f4d8d9c324f5f105ad | 044ae51b997dbfd4daa7ec3c4051d2a0,Assets/Data/Templates/SkillGraphs/Consumable/Prefabs/Consumable_ApplyStatus_StatIncreaseForDuration.prefab | Assets/Data/Templates/SkillGraphs/Consumable/Prefabs/Consumable_OverdrinkAlchemy.prefab,1.0,30.0 | 60.0,30.0,MaxDashOptimalCounter | Health,Assets/Data/Templates/Items/ItemTemplates/CraftingResults/Alchemy/AdvancedPotions/ItemTemplate_Alchemy_RabbitJuice.prefab
potion,normal,ItemTemplate_Alchemy_RapidShooterMixture,item_craftingresults_alchemy_RapidShooterMixture,Rapid Shooter‘s Mixture,Template/flavor_locString_2543871262668956605_b59e35fc64567bd40b36dbd7a97ef979,,NameSkill_Consumable_RapidShooterMixture,"Consumption increases [StatToModify] by [ModifyValue:P0], but consumes [Cost] [StatToPay] per second.",potions:advanced,Assets/Data/Templates/Items/ItemTemplates/AbstractTypes/Consumable/Abstract_ItemTemplate_PotionOther.prefab | Assets/Data/Templates/Items/ItemTemplates/AbstractTypes/Consumable/Partial/Abstract_ItemTemplate_Potion.prefab | Assets/Data/Templates/Items/ItemTemplates/AbstractTypes/Consumable/Partial/Abstract_ItemTemplate_Consumable.prefab,Eat,1a81e2d9b4f48e04ca52bbb4ef7cc7a2 | 044ae51b997dbfd4daa7ec3c4051d2a0,Assets/Data/Templates/SkillGraphs/Consumable/Prefabs/Consumable_ApplyStatus_IncreaseStatButCostStat.prefab | Assets/Data/Templates/SkillGraphs/Consumable/Prefabs/Consumable_OverdrinkAlchemy.prefab,,inf | 60.0,,Mana | BowDrawSpeed | Health,Assets/Data/Templates/Items/ItemTemplates/CraftingResults/Alchemy/AdvancedPotions/ItemTemplate_Alchemy_RapidShooterMixture.prefab
potion,not-in-use,ItemTemplate_Alchemy_ReasonandSoul,item_craftingresults_alchemy_ReasonandSoul,Reason and Soul,,,Template/description_locString_2543871262668956605_f9080409b9e4d9c4b9e8a4fed9195cd7,"Increase [StatEnum_0] by [AddValueCalculated_0] for [DurationCalculated_0] seconds.
Lose [HealValueCalculated_1] [StatEnum_1] over [DurationCalculated_1] seconds.",,Assets/Data/Templates/Items/ItemTemplates/AbstractTypes/Consumable/Abstract_ItemTemplate_PotionOther.prefab | Assets/Data/Templates/Items/ItemTemplates/AbstractTypes/Consumable/Partial/Abstract_ItemTemplate_Potion.prefab | Assets/Data/Templates/Items/ItemTemplates/AbstractTypes/Consumable/Partial/Abstract_ItemTemplate_Consumable.prefab,Eat,7191459edbd5a2f4d8d9c324f5f105ad | ab6fea11bc58bc94c966b7e819c42240 | 044ae51b997dbfd4daa7ec3c4051d2a0,Assets/Data/Templates/SkillGraphs/Consumable/Prefabs/Consumable_ApplyStatus_StatIncreaseForDuration.prefab | Assets/Data/Templates/SkillGraphs/Consumable/Prefabs/Consumable_ApplyStatus_LoseOverTimeStatusFlat.prefab | Assets/Data/Templates/SkillGraphs/Consumable/Prefabs/Consumable_OverdrinkAlchemy.prefab,5.0,10.0 | 60.0,50.0,Endurance | Health,Assets/Data/Templates/Items/ItemTemplates/CraftingResults/Alchemy/AdvancedPotions/NotInUse/ItemTemplate_Alchemy_ReasonandSoul.prefab
potion,normal,ItemTemplate_Alchemy_RejuvenationPotion,item_craftingresults_alchemy_RejuvenationPotion,Rejuvenation Potion,Template/flavor_locString_2543871262668956605_259846749625c19478642c3bd9364a93,Allows the warrior to regain their vigor just before the decisive fight.,Template/description_locString_2543871262668956605_259846749625c19478642c3bd9364a93,"Increases [StatEnum] by [AddValueCalculated] for [DurationCalculated]s.
Increases [StatEnum_1_0] by [AddValueCalculated_1_0] for [DurationCalculated]s.
Increases [StatEnum_2_0] by [AddValueCalculated_2_0] for [DurationCalculated]s.",potions:advanced,Assets/Data/Templates/Items/ItemTemplates/AbstractTypes/Consumable/Abstract_ItemTemplate_PotionOther.prefab | Assets/Data/Templates/Items/ItemTemplates/AbstractTypes/Consumable/Partial/Abstract_ItemTemplate_Potion.prefab | Assets/Data/Templates/Items/ItemTemplates/AbstractTypes/Consumable/Partial/Abstract_ItemTemplate_Consumable.prefab,Eat,e4846d4bb4fa3674ab7082a71d710849 | 044ae51b997dbfd4daa7ec3c4051d2a0 | acd627b35fa17234aa6b00ea69faf646,Assets/Data/Templates/SkillGraphs/Consumable/Alchemy/Alchemy_IncreaseStatForDurationSeveralEffects.prefab | Assets/Data/Templates/SkillGraphs/Consumable/Prefabs/Consumable_OverdrinkAlchemy.prefab | Assets/Data/Templates/SkillGraphs/Consumable/Prefabs/Consumable_HealStatFlat_NonUpgradable.prefab,15.0,60.0 | 60.0,900.0,MaxHealth | MaxMana | MaxStamina | Health,Assets/Data/Templates/Items/ItemTemplates/CraftingResults/Alchemy/AdvancedPotions/ItemTemplate_Alchemy_RejuvenationPotion.prefab
potion,not-in-use,ItemTemplate_Alchemy_ResidueStrength,item_craftingresults_alchemy_ResidueStrength,Residue Strength,,,Template/description_locString_2543871262668956605_428e1bcf58e468c49bc2a93d20911470,"Lose [HealValueCalculated_0] [StatEnum_0].
Increase [StatEnum_1] by [AddValueCalculated_1] for [DurationCalculated_1] seconds.",,Assets/Data/Templates/Items/ItemTemplates/AbstractTypes/Consumable/Abstract_ItemTemplate_PotionOther.prefab | Assets/Data/Templates/Items/ItemTemplates/AbstractTypes/Consumable/Partial/Abstract_ItemTemplate_Potion.prefab | Assets/Data/Templates/Items/ItemTemplates/AbstractTypes/Consumable/Partial/Abstract_ItemTemplate_Consumable.prefab,Eat,82278c6dc0202b6468f0a10d763255d5 | 7191459edbd5a2f4d8d9c324f5f105ad | 044ae51b997dbfd4daa7ec3c4051d2a0,Assets/Data/Templates/SkillGraphs/Consumable/Prefabs/Consumable_LoseStatFlat.prefab | Assets/Data/Templates/SkillGraphs/Consumable/Prefabs/Consumable_ApplyStatus_StatIncreaseForDuration.prefab | Assets/Data/Templates/SkillGraphs/Consumable/Prefabs/Consumable_OverdrinkAlchemy.prefab,5.0,10.0 | 60.0,300.0,Health | Strength,Assets/Data/Templates/Items/ItemTemplates/CraftingResults/Alchemy/AdvancedPotions/NotInUse/ItemTemplate_Alchemy_ResidueStrength.prefab
potion,normal,ItemTemplate_Alchemy_RespecPotion,item_special_alchemy_respecPotion,Origin Potion,Template/flavor_locString_2543871262668956605_70950703d3587b347a933b46c4e65871,,Template/description_locString_2543871262668956605_70950703d3587b347a933b46c4e65871,Resets your skill and stat points. ,potions:basic,Assets/Data/Templates/Items/ItemTemplates/AbstractTypes/Consumable/Abstract_ItemTemplate_PotionOther.prefab | Assets/Data/Templates/Items/ItemTemplates/AbstractTypes/Consumable/Partial/Abstract_ItemTemplate_Potion.prefab | Assets/Data/Templates/Items/ItemTemplates/AbstractTypes/Consumable/Partial/Abstract_ItemTemplate_Consumable.prefab,Eat,0170eebfe379cf64994416c2bf7ff27e,Assets/Data/Templates/SkillGraphs/Consumable/Prefabs/Consumable_Respec.prefab,,,,Health,Assets/Data/Templates/Items/ItemTemplates/CraftingResults/Alchemy/AdvancedPotions/ItemTemplate_Alchemy_RespecPotion.prefab
potion,normal,ItemTemplate_Alchemy_RustbaneBrew,item_craftingresults_alchemy_RustbaneBrew,Rustbane Brew,,,Template/description_locString_2543871262668956605_034976618607389459ac39918ba29297,Apply Corruption ([BuildupCalculated]) to weapon.,potions:weapons,Assets/Data/Templates/Items/ItemTemplates/AbstractTypes/Consumable/Abstract_ItemTemplate_WeaponBuff.prefab | Assets/Data/Templates/Items/ItemTemplates/AbstractTypes/Consumable/Partial/Abstract_ItemTemplate_Potion.prefab | Assets/Data/Templates/Items/ItemTemplates/AbstractTypes/Consumable/Partial/Abstract_ItemTemplate_Consumable.prefab,,,,,,,,Assets/Data/Templates/Items/ItemTemplates/CraftingResults/Alchemy/WeaponsEffects/ItemTemplate_Alchemy_RustbaneBrew.prefab
potion,not-in-use,ItemTemplate_Alchemy_SacredConcoction,item_craftingresults_alchemy_SacredConcoction,Sacred Concoction,Template/flavor_locString_2543871262668956605_a976f8c8d2c63324f99a2eb43e43fd76,A mysterious potion of the druids.,Template/description_locString_2543871262668956605_a976f8c8d2c63324f99a2eb43e43fd76,Increase [StatEnum] by [AddValueCalculated] for [DurationCalculated] seconds.,,Assets/Data/Templates/Items/ItemTemplates/AbstractTypes/Consumable/Abstract_ItemTemplate_PotionHP.prefab | Assets/Data/Templates/Items/ItemTemplates/AbstractTypes/Consumable/Partial/Abstract_ItemTemplate_Potion.prefab | Assets/Data/Templates/Items/ItemTemplates/AbstractTypes/Consumable/Partial/Abstract_ItemTemplate_ConsumableHP.prefab | Assets/Data/Templates/Items/ItemTemplates/AbstractTypes/Consumable/Partial/Abstract_ItemTemplate_Consumable.prefab,Eat,7191459edbd5a2f4d8d9c324f5f105ad | 044ae51b997dbfd4daa7ec3c4051d2a0,Assets/Data/Templates/SkillGraphs/Consumable/Prefabs/Consumable_ApplyStatus_StatIncreaseForDuration.prefab | Assets/Data/Templates/SkillGraphs/Consumable/Prefabs/Consumable_OverdrinkAlchemy.prefab,3.0,10.0,30.0,Spirituality,Assets/Data/Templates/Items/ItemTemplates/CraftingResults/Alchemy/BasicPotions/NotInUse/ItemTemplate_Alchemy_SacredConcoction.prefab
potion,not-in-use,ItemTemplate_Alchemy_SacredElixir,item_craftingresults_alchemy_SacredElixir,Sacred Elixir,Template/flavor_locString_2543871262668956605_aa17a317d745642438aac997b9de0831,A potion that the druids didn't want to share with anyone else.,Template/description_locString_2543871262668956605_aa17a317d745642438aac997b9de0831,Grants Bless.,,Assets/Data/Templates/Items/ItemTemplates/AbstractTypes/Consumable/Abstract_ItemTemplate_PotionOther.prefab | Assets/Data/Templates/Items/ItemTemplates/AbstractTypes/Consumable/Partial/Abstract_ItemTemplate_Potion.prefab | Assets/Data/Templates/Items/ItemTemplates/AbstractTypes/Consumable/Partial/Abstract_ItemTemplate_Consumable.prefab,Eat,67bd6c810c831db41bd9106b9ecde760 | 044ae51b997dbfd4daa7ec3c4051d2a0,Assets/Data/Templates/SkillGraphs/Consumable/Prefabs/Consumable_ApplyStatus_Bless.prefab | Assets/Data/Templates/SkillGraphs/Consumable/Prefabs/Consumable_OverdrinkAlchemy.prefab,,60.0,,,Assets/Data/Templates/Items/ItemTemplates/CraftingResults/Alchemy/BasicPotions/NotInUse/ItemTemplate_Alchemy_SacredElixir.prefab
potion,not-in-use,ItemTemplate_Alchemy_Serenity,item_craftingresults_alchemy_Serenity,Serenity,,,Template/description_locString_2543871262668956605_f2d0fcdb053f36b4c878f0b16cd5d01f,,,Assets/Data/Templates/Items/ItemTemplates/AbstractTypes/Consumable/Abstract_ItemTemplate_PotionOther.prefab | Assets/Data/Templates/Items/ItemTemplates/AbstractTypes/Consumable/Partial/Abstract_ItemTemplate_Potion.prefab | Assets/Data/Templates/Items/ItemTemplates/AbstractTypes/Consumable/Partial/Abstract_ItemTemplate_Consumable.prefab,Eat,044ae51b997dbfd4daa7ec3c4051d2a0,Assets/Data/Templates/SkillGraphs/Consumable/Prefabs/Consumable_OverdrinkAlchemy.prefab,5.0,10.0,50.0,,Assets/Data/Templates/Items/ItemTemplates/CraftingResults/Alchemy/AdvancedPotions/NotInUse/ItemTemplate_Alchemy_Serenity.prefab
potion,not-in-use,ItemTemplate_Alchemy_SilentDraught,item_craftingresults_alchemy_SilentDraught,Silent Draught,Template/flavor_locString_2543871262668956605_26ee21ac7445f5941855e34dfed2d70b,"Works almost as good against mages, as slitting their throats.",Template/description_locString_2543871262668956605_26ee21ac7445f5941855e34dfed2d70b,"Coats weapon, inflicting Mute build-up.",item:important,Assets/Data/Templates/Items/ItemTemplates/AbstractTypes/Consumable/Abstract_ItemTemplate_WeaponBuff.prefab | Assets/Data/Templates/Items/ItemTemplates/AbstractTypes/Consumable/Partial/Abstract_ItemTemplate_Potion.prefab | Assets/Data/Templates/Items/ItemTemplates/AbstractTypes/Consumable/Partial/Abstract_ItemTemplate_Consumable.prefab,,,,,,,,Assets/Data/Templates/Items/ItemTemplates/CrazyConsumables/WeaponGrease/NotInUse/ItemTemplate_Alchemy_SilentDraught.prefab
potion,normal,ItemTemplate_Alchemy_SlowfallPotion,Template/itemName_2543871262668956605_1f3bc2d6162840e46b540e4b7eaf9561,Slowfall Potion,Template/flavor_locString_2543871262668956605_22b78e03b1a5b2f46be509218809838a,Smells like pure arcane energy and roses.,NameSkill_Consumable_DecreaseStatPercForDuration,Decreases [StatEnum] by [LoseValueCalculated:P0] for [Duration]s.,potions:advanced,Assets/Data/Templates/Items/ItemTemplates/AbstractTypes/Consumable/Abstract_ItemTemplate_PotionOther.prefab | Assets/Data/Templates/Items/ItemTemplates/AbstractTypes/Consumable/Partial/Abstract_ItemTemplate_Potion.prefab | Assets/Data/Templates/Items/ItemTemplates/AbstractTypes/Consumable/Partial/Abstract_ItemTemplate_Consumable.prefab,Eat,404b1cdf48cca2b498b749a4ea85125b | 044ae51b997dbfd4daa7ec3c4051d2a0,Assets/Data/Templates/SkillGraphs/Consumable/Prefabs/Consumable_ApplyStatus_StatDecreasePercForDuration.prefab | Assets/Data/Templates/SkillGraphs/Consumable/Prefabs/Consumable_OverdrinkAlchemy.prefab,,45.0 | 60.0,,FallDamageMultiplier | Health,Assets/Data/Templates/Items/ItemTemplates/CraftingResults/Alchemy/AdvancedPotions/ItemTemplate_Alchemy_SlowfallPotion.prefab
potion,normal,ItemTemplate_Alchemy_SmallHealthPotion,item_craftingresults_alchemy_SmallHealthPotion,Small Health Potion,Template/flavor_locString_2543871262668956605_44c2b2dee9443c2418e237374865fcd4,Used for healing flesh wounds.,description_generic_restorestat,Restores [HealValueCalculated] [StatEnum].,potions:basic | potions:healing,Assets/Data/Templates/Items/ItemTemplates/AbstractTypes/Consumable/Abstract_ItemTemplate_PotionHP.prefab | Assets/Data/Templates/Items/ItemTemplates/AbstractTypes/Consumable/Partial/Abstract_ItemTemplate_Potion.prefab | Assets/Data/Templates/Items/ItemTemplates/AbstractTypes/Consumable/Partial/Abstract_ItemTemplate_ConsumableHP.prefab | Assets/Data/Templates/Items/ItemTemplates/AbstractTypes/Consumable/Partial/Abstract_ItemTemplate_Consumable.prefab,Eat,acd627b35fa17234aa6b00ea69faf646 | 044ae51b997dbfd4daa7ec3c4051d2a0,Assets/Data/Templates/SkillGraphs/Consumable/Prefabs/Consumable_HealStatFlat_NonUpgradable.prefab | Assets/Data/Templates/SkillGraphs/Consumable/Prefabs/Consumable_OverdrinkAlchemy.prefab,,,,Health,Assets/Data/Templates/Items/ItemTemplates/CraftingResults/Alchemy/BasicPotions/ItemTemplate_Alchemy_SmallHealthPotion.prefab
potion,normal,ItemTemplate_Alchemy_SmallManaPotion,item_craftingresults_alchemy_SmallManaPotion,Small Mana Potion,Template/flavor_locString_2543871262668956605_0c406540e6e3410438bd37350fa274fb,Just the taste of spiritual power.,description_generic_restorestat,Restores [HealValueCalculated] [StatEnum].,potions:basic,Assets/Data/Templates/Items/ItemTemplates/AbstractTypes/Consumable/Abstract_ItemTemplate_PotionMP.prefab | Assets/Data/Templates/Items/ItemTemplates/AbstractTypes/Consumable/Partial/Abstract_ItemTemplate_Potion.prefab | Assets/Data/Templates/Items/ItemTemplates/AbstractTypes/Consumable/Partial/Abstract_ItemTemplate_ConsumableMP.prefab | Assets/Data/Templates/Items/ItemTemplates/AbstractTypes/Consumable/Partial/Abstract_ItemTemplate_Consumable.prefab,Eat,acd627b35fa17234aa6b00ea69faf646 | 044ae51b997dbfd4daa7ec3c4051d2a0,Assets/Data/Templates/SkillGraphs/Consumable/Prefabs/Consumable_HealStatFlat_NonUpgradable.prefab | Assets/Data/Templates/SkillGraphs/Consumable/Prefabs/Consumable_OverdrinkAlchemy.prefab,,,,Mana | Health,Assets/Data/Templates/Items/ItemTemplates/CraftingResults/Alchemy/BasicPotions/ItemTemplate_Alchemy_SmallManaPotion.prefab
potion,normal,ItemTemplate_Alchemy_SneakyFishermansDraught,item_craftingresults_alchemy_SneakyFishermansDraught,Sneaky Fisherman's Draught,,,Template/description_locString_2543871262668956605_2c629bc3eae087040ab9d3d4c1da54a3,Apply Poison ([BuildupCalculated]) to weapon.,potions:weapons,Assets/Data/Templates/Items/ItemTemplates/AbstractTypes/Consumable/Abstract_ItemTemplate_WeaponBuff.prefab | Assets/Data/Templates/Items/ItemTemplates/AbstractTypes/Consumable/Partial/Abstract_ItemTemplate_Potion.prefab | Assets/Data/Templates/Items/ItemTemplates/AbstractTypes/Consumable/Partial/Abstract_ItemTemplate_Consumable.prefab,,,,,,,,Assets/Data/Templates/Items/ItemTemplates/CraftingResults/Alchemy/WeaponsEffects/ItemTemplate_Alchemy_SneakyFishermansDraught.prefab
potion,not-in-use,ItemTemplate_Alchemy_SoothingBalm,item_craftingresults_alchemy_SoothingBalm,Soothing Balm,,,Template/description_locString_2543871262668956605_28e42deb95292114bacc33413798893a,,,Assets/Data/Templates/Items/ItemTemplates/AbstractTypes/Consumable/Abstract_ItemTemplate_PotionOther.prefab | Assets/Data/Templates/Items/ItemTemplates/AbstractTypes/Consumable/Partial/Abstract_ItemTemplate_Potion.prefab | Assets/Data/Templates/Items/ItemTemplates/AbstractTypes/Consumable/Partial/Abstract_ItemTemplate_Consumable.prefab,Eat,044ae51b997dbfd4daa7ec3c4051d2a0,Assets/Data/Templates/SkillGraphs/Consumable/Prefabs/Consumable_OverdrinkAlchemy.prefab,5.0,10.0,50.0,,Assets/Data/Templates/Items/ItemTemplates/CraftingResults/Alchemy/AdvancedPotions/NotInUse/ItemTemplate_Alchemy_SoothingBalm.prefab
potion,normal,ItemTemplate_Alchemy_SoS_BlessingOfSarrasInABottle,ItemTemplate_Alchemy_BlessingOfSarras,Blessing in a Bottle,Template/flavor_locString_2543871262668956605_c2f4784d56f7dc746b9fd85b0d0c60c8,,Template/description_locString_2543871262668956605_c2f4784d56f7dc746b9fd85b0d0c60c8,"Grants a Blessing of Sarras, making creatures of Sarras weaker for [DurationCalculated]s.",potions:advanced,Assets/Data/Templates/Items/ItemTemplates/AbstractTypes/Consumable/Abstract_ItemTemplate_PotionMP.prefab | Assets/Data/Templates/Items/ItemTemplates/AbstractTypes/Consumable/Partial/Abstract_ItemTemplate_Potion.prefab | Assets/Data/Templates/Items/ItemTemplates/AbstractTypes/Consumable/Partial/Abstract_ItemTemplate_ConsumableMP.prefab | Assets/Data/Templates/Items/ItemTemplates/AbstractTypes/Consumable/Partial/Abstract_ItemTemplate_Consumable.prefab,Eat,a837e47601d15e845b410704c66636bb,Assets/Data/Templates/SkillGraphs/Consumable/Prefabs/Consumable_ApplyStatus.prefab,,60.0,,Mana | MaxMana,Assets/Data/Templates/Items/ItemTemplates/CraftingResults/Alchemy/SoSPotions/ItemTemplate_Alchemy_SoS_BlessingOfSarrasInABottle.prefab
potion,normal,ItemTemplate_Alchemy_SoS_FullSailMaxStamina,item_craftingresults_alchemy_SarrasMaxStamina,Full Sail,Template/flavor_locString_2543871262668956605_7c2f94b799b3bb745a11f9390a853917,,NameSkill_Consumable_StatIncreasePercForDurationDesc,Increases [StatEnum] by [AddValueCalculated:P0] for [DurationCalculated]s.,potions:advanced,Assets/Data/Templates/Items/ItemTemplates/AbstractTypes/Consumable/Abstract_ItemTemplate_PotionOther.prefab | Assets/Data/Templates/Items/ItemTemplates/AbstractTypes/Consumable/Partial/Abstract_ItemTemplate_Potion.prefab | Assets/Data/Templates/Items/ItemTemplates/AbstractTypes/Consumable/Partial/Abstract_ItemTemplate_Consumable.prefab,Eat,62246950844b46b4c84fcb2df440ab6b | 044ae51b997dbfd4daa7ec3c4051d2a0,Assets/Data/Templates/SkillGraphs/Consumable/Alchemy/Alchemy_ApplyStatus_StatIncreaseForDurationPercent.prefab | Assets/Data/Templates/SkillGraphs/Consumable/Prefabs/Consumable_OverdrinkAlchemy.prefab,0.20000000298023224,30.0 | 60.0,6.000000089406967,MaxStamina | Health,Assets/Data/Templates/Items/ItemTemplates/CraftingResults/Alchemy/SoSPotions/ItemTemplate_Alchemy_SoS_FullSailMaxStamina.prefab
potion,normal,ItemTemplate_Alchemy_SoS_GillsOfTheDeepUnderwater,item_craftingresults_alchemy_UnderwaterPotion,Gills of the Deep,Template/flavor_locString_2543871262668956605_ee28fc281073a4048b9822b552f56962,,Template/description_locString_2543871262668956605_ee28fc281073a4048b9822b552f56962,Allows you to breathe underwater for [DurationCalculated]s.,potions:advanced,Assets/Data/Templates/Items/ItemTemplates/AbstractTypes/Consumable/Abstract_ItemTemplate_PotionOther.prefab | Assets/Data/Templates/Items/ItemTemplates/AbstractTypes/Consumable/Partial/Abstract_ItemTemplate_Potion.prefab | Assets/Data/Templates/Items/ItemTemplates/AbstractTypes/Consumable/Partial/Abstract_ItemTemplate_Consumable.prefab,Eat,e470752fda091834bb438c9fac397d74 | 044ae51b997dbfd4daa7ec3c4051d2a0,Assets/Data/Templates/SkillGraphs/Consumable/Prefabs/Consumable_ApplyStatus_StatDecreaseForDuration.prefab | Assets/Data/Templates/SkillGraphs/Consumable/Prefabs/Consumable_OverdrinkAlchemy.prefab,,30.0 | 60.0,,OxygenUsage | Health,Assets/Data/Templates/Items/ItemTemplates/CraftingResults/Alchemy/SoSPotions/ItemTemplate_Alchemy_SoS_GillsOfTheDeepUnderwater.prefab
potion,normal,ItemTemplate_Alchemy_SoS_HeadAboveWaterManaPercent,item_craftingresults_alchemy_SarrasManaElixir,Head Above Water,Template/flavor_locString_2543871262668956605_f9c36d379b9b9bc4fa6a5df6a5afdcea,The favorite potion among Kamelot's spellcasters.,description_generic_restorepercentofmaxstat,Restores [HealValueCalculated:P0] [StatEnum].,potions:advanced,Assets/Data/Templates/Items/ItemTemplates/AbstractTypes/Consumable/Abstract_ItemTemplate_PotionMP.prefab | Assets/Data/Templates/Items/ItemTemplates/AbstractTypes/Consumable/Partial/Abstract_ItemTemplate_Potion.prefab | Assets/Data/Templates/Items/ItemTemplates/AbstractTypes/Consumable/Partial/Abstract_ItemTemplate_ConsumableMP.prefab | Assets/Data/Templates/Items/ItemTemplates/AbstractTypes/Consumable/Partial/Abstract_ItemTemplate_Consumable.prefab,Eat,d5ab45e7eb066a84ea55f9ab4f78b92f,Assets/Data/Templates/SkillGraphs/Consumable/Prefabs/Consumable_HealStatPercent.prefab,,,,Mana | MaxMana,Assets/Data/Templates/Items/ItemTemplates/CraftingResults/Alchemy/SoSPotions/ItemTemplate_Alchemy_SoS_HeadAboveWaterManaPercent.prefab
potion,normal,ItemTemplate_Alchemy_SoS_KelpDecoctionBetterHealth,item_craftingresults_alchemy_SarrasBetterHealth,Kelp Decoction,Template/flavor_locString_2543871262668956605_d7d1024b956559d45999866fbfba04dc,,description_generic_restorestat,Restores [HealValueCalculated] [StatEnum].,potions:healing | potions:advanced,Assets/Data/Templates/Items/ItemTemplates/AbstractTypes/Consumable/Abstract_ItemTemplate_PotionHP.prefab | Assets/Data/Templates/Items/ItemTemplates/AbstractTypes/Consumable/Partial/Abstract_ItemTemplate_Potion.prefab | Assets/Data/Templates/Items/ItemTemplates/AbstractTypes/Consumable/Partial/Abstract_ItemTemplate_ConsumableHP.prefab | Assets/Data/Templates/Items/ItemTemplates/AbstractTypes/Consumable/Partial/Abstract_ItemTemplate_Consumable.prefab,Eat,acd627b35fa17234aa6b00ea69faf646 | 044ae51b997dbfd4daa7ec3c4051d2a0,Assets/Data/Templates/SkillGraphs/Consumable/Prefabs/Consumable_HealStatFlat_NonUpgradable.prefab | Assets/Data/Templates/SkillGraphs/Consumable/Prefabs/Consumable_OverdrinkAlchemy.prefab,,,,Health,Assets/Data/Templates/Items/ItemTemplates/CraftingResults/Alchemy/SoSPotions/ItemTemplate_Alchemy_SoS_KelpDecoctionBetterHealth.prefab
potion,normal,ItemTemplate_Alchemy_SoS_KelpInfusionHealth,item_craftingresults_alchemy_SarrasHealth,Kelp Infusion,Template/flavor_locString_2543871262668956605_1e9fbaa8ef6f96345972f4164519e903,,description_generic_restorestat,Restores [HealValueCalculated] [StatEnum].,potions:healing | potions:advanced,Assets/Data/Templates/Items/ItemTemplates/AbstractTypes/Consumable/Abstract_ItemTemplate_PotionHP.prefab | Assets/Data/Templates/Items/ItemTemplates/AbstractTypes/Consumable/Partial/Abstract_ItemTemplate_Potion.prefab | Assets/Data/Templates/Items/ItemTemplates/AbstractTypes/Consumable/Partial/Abstract_ItemTemplate_ConsumableHP.prefab | Assets/Data/Templates/Items/ItemTemplates/AbstractTypes/Consumable/Partial/Abstract_ItemTemplate_Consumable.prefab,Eat,acd627b35fa17234aa6b00ea69faf646 | 044ae51b997dbfd4daa7ec3c4051d2a0,Assets/Data/Templates/SkillGraphs/Consumable/Prefabs/Consumable_HealStatFlat_NonUpgradable.prefab | Assets/Data/Templates/SkillGraphs/Consumable/Prefabs/Consumable_OverdrinkAlchemy.prefab,,,,Health,Assets/Data/Templates/Items/ItemTemplates/CraftingResults/Alchemy/SoSPotions/ItemTemplate_Alchemy_SoS_KelpInfusionHealth.prefab
potion,normal,ItemTemplate_Alchemy_SoS_LuminousSeawaterBetterMana,item_craftingresults_alchemy_SarrasBetterMana,Luminous Seawater,Template/flavor_locString_2543871262668956605_1fe532719467f854997c319ddeac57f0,,description_generic_restorestat,Restores [HealValueCalculated] [StatEnum].,potions:advanced,Assets/Data/Templates/Items/ItemTemplates/AbstractTypes/Consumable/Abstract_ItemTemplate_PotionMP.prefab | Assets/Data/Templates/Items/ItemTemplates/AbstractTypes/Consumable/Partial/Abstract_ItemTemplate_Potion.prefab | Assets/Data/Templates/Items/ItemTemplates/AbstractTypes/Consumable/Partial/Abstract_ItemTemplate_ConsumableMP.prefab | Assets/Data/Templates/Items/ItemTemplates/AbstractTypes/Consumable/Partial/Abstract_ItemTemplate_Consumable.prefab,Eat,acd627b35fa17234aa6b00ea69faf646 | 044ae51b997dbfd4daa7ec3c4051d2a0,Assets/Data/Templates/SkillGraphs/Consumable/Prefabs/Consumable_HealStatFlat_NonUpgradable.prefab | Assets/Data/Templates/SkillGraphs/Consumable/Prefabs/Consumable_OverdrinkAlchemy.prefab,,60.0,,Mana | Health,Assets/Data/Templates/Items/ItemTemplates/CraftingResults/Alchemy/SoSPotions/ItemTemplate_Alchemy_SoS_LuminousSeawaterBetterMana.prefab
potion,normal,ItemTemplate_Alchemy_SoS_MindLikeWaterMaxHealth,item_craftingresults_alchemy_SarrasMaxHealth,Mind Like Water,Template/flavor_locString_2543871262668956605_22b78e03b1a5b2f46be509218809838a,Smells like pure arcane energy and roses.,NameSkill_Consumable_StatIncreasePercForDurationDesc,Increases [StatEnum] by [AddValueCalculated:P0] for [DurationCalculated]s.,potions:advanced,Assets/Data/Templates/Items/ItemTemplates/AbstractTypes/Consumable/Abstract_ItemTemplate_PotionOther.prefab | Assets/Data/Templates/Items/ItemTemplates/AbstractTypes/Consumable/Partial/Abstract_ItemTemplate_Potion.prefab | Assets/Data/Templates/Items/ItemTemplates/AbstractTypes/Consumable/Partial/Abstract_ItemTemplate_Consumable.prefab,Eat,62246950844b46b4c84fcb2df440ab6b | 044ae51b997dbfd4daa7ec3c4051d2a0 | d5ab45e7eb066a84ea55f9ab4f78b92f,Assets/Data/Templates/SkillGraphs/Consumable/Alchemy/Alchemy_ApplyStatus_StatIncreaseForDurationPercent.prefab | Assets/Data/Templates/SkillGraphs/Consumable/Prefabs/Consumable_OverdrinkAlchemy.prefab | Assets/Data/Templates/SkillGraphs/Consumable/Prefabs/Consumable_HealStatPercent.prefab,0.10000000149011612,30.0 | 60.0,3.0000000447034836,MaxHealth | Health | Health | MaxHealth,Assets/Data/Templates/Items/ItemTemplates/CraftingResults/Alchemy/SoSPotions/ItemTemplate_Alchemy_SoS_MindLikeWaterMaxHealth.prefab
potion,normal,ItemTemplate_Alchemy_SoS_Quest_TheDiscreetRemedy,item_craftingresults_alchemy_TheDiscreetRemedy,The Discreet Remedy,Template/flavor_locString_2543871262668956605_7a0082a19240bc246a6662f4ab70be89,Druidic potion for performing complex rituals.,Template/description_locString_2543871262668956605_35a8fe60617b2534ba76ca85cb6b14b6,A sharp tonic that scours away the remnants of ill-advised amorous encounters.,potions:advanced,Assets/Data/Templates/Items/ItemTemplates/AbstractTypes/Consumable/Abstract_ItemTemplate_PotionMP.prefab | Assets/Data/Templates/Items/ItemTemplates/AbstractTypes/Consumable/Partial/Abstract_ItemTemplate_Potion.prefab | Assets/Data/Templates/Items/ItemTemplates/AbstractTypes/Consumable/Partial/Abstract_ItemTemplate_ConsumableMP.prefab | Assets/Data/Templates/Items/ItemTemplates/AbstractTypes/Consumable/Partial/Abstract_ItemTemplate_Consumable.prefab,Eat,044ae51b997dbfd4daa7ec3c4051d2a0 | e260a04cf5e04724789e2fdc7c64b3e0,Assets/Data/Templates/SkillGraphs/Consumable/Prefabs/Consumable_OverdrinkAlchemy.prefab | Assets/Data/Templates/SkillGraphs/Consumable/Prefabs/Consumable_RemoveStatus.prefab,,60.0,,,Assets/Data/Templates/Items/ItemTemplates/CraftingResults/Alchemy/SoSPotions/ItemTemplate_Alchemy_SoS_Quest_TheDiscreetRemedy.prefab
potion,normal,ItemTemplate_Alchemy_SoS_SeaLegsBrewHealthPercent,item_craftingresults_alchemy_SarrasPercentHealth,Sea Legs Brew,Template/flavor_locString_2543871262668956605_c2f4784d56f7dc746b9fd85b0d0c60c8,,description_generic_restorepercentofmaxstat,Restores [HealValueCalculated:P0] [StatEnum].,potions:advanced | potions:healing,Assets/Data/Templates/Items/ItemTemplates/AbstractTypes/Consumable/Abstract_ItemTemplate_PotionHP.prefab | Assets/Data/Templates/Items/ItemTemplates/AbstractTypes/Consumable/Partial/Abstract_ItemTemplate_Potion.prefab | Assets/Data/Templates/Items/ItemTemplates/AbstractTypes/Consumable/Partial/Abstract_ItemTemplate_ConsumableHP.prefab | Assets/Data/Templates/Items/ItemTemplates/AbstractTypes/Consumable/Partial/Abstract_ItemTemplate_Consumable.prefab,Eat,d5ab45e7eb066a84ea55f9ab4f78b92f,Assets/Data/Templates/SkillGraphs/Consumable/Prefabs/Consumable_HealStatPercent.prefab,,,,Health | MaxHealth,Assets/Data/Templates/Items/ItemTemplates/CraftingResults/Alchemy/SoSPotions/ItemTemplate_Alchemy_SoS_SeaLegsBrewHealthPercent.prefab
potion,normal,ItemTemplate_Alchemy_SoS_SoundAsABellMaxMana,item_craftingresults_alchemy_SarrasMaxMana,Sound as a Bell,Template/flavor_locString_2543871262668956605_22b78e03b1a5b2f46be509218809838a,Smells like pure arcane energy and roses.,NameSkill_Consumable_StatIncreasePercForDurationDesc,Increases [StatEnum] by [AddValueCalculated:P0] for [DurationCalculated]s.,potions:advanced,Assets/Data/Templates/Items/ItemTemplates/AbstractTypes/Consumable/Abstract_ItemTemplate_PotionOther.prefab | Assets/Data/Templates/Items/ItemTemplates/AbstractTypes/Consumable/Partial/Abstract_ItemTemplate_Potion.prefab | Assets/Data/Templates/Items/ItemTemplates/AbstractTypes/Consumable/Partial/Abstract_ItemTemplate_Consumable.prefab,Eat,62246950844b46b4c84fcb2df440ab6b | 044ae51b997dbfd4daa7ec3c4051d2a0,Assets/Data/Templates/SkillGraphs/Consumable/Alchemy/Alchemy_ApplyStatus_StatIncreaseForDurationPercent.prefab | Assets/Data/Templates/SkillGraphs/Consumable/Prefabs/Consumable_OverdrinkAlchemy.prefab,0.20000000298023224,30.0 | 60.0,6.000000089406967,MaxMana | Health,Assets/Data/Templates/Items/ItemTemplates/CraftingResults/Alchemy/SoSPotions/ItemTemplate_Alchemy_SoS_SoundAsABellMaxMana.prefab
potion,normal,ItemTemplate_Alchemy_SoS_SparklingSeawaterMana,item_craftingresults_alchemy_SarrasMana,Sparkling Seawater,Template/flavor_locString_2543871262668956605_7a0082a19240bc246a6662f4ab70be89,Druidic potion for performing complex rituals.,description_generic_restorestat,Restores [HealValueCalculated] [StatEnum].,potions:advanced,Assets/Data/Templates/Items/ItemTemplates/AbstractTypes/Consumable/Abstract_ItemTemplate_PotionMP.prefab | Assets/Data/Templates/Items/ItemTemplates/AbstractTypes/Consumable/Partial/Abstract_ItemTemplate_Potion.prefab | Assets/Data/Templates/Items/ItemTemplates/AbstractTypes/Consumable/Partial/Abstract_ItemTemplate_ConsumableMP.prefab | Assets/Data/Templates/Items/ItemTemplates/AbstractTypes/Consumable/Partial/Abstract_ItemTemplate_Consumable.prefab,Eat,acd627b35fa17234aa6b00ea69faf646 | 044ae51b997dbfd4daa7ec3c4051d2a0,Assets/Data/Templates/SkillGraphs/Consumable/Prefabs/Consumable_HealStatFlat_NonUpgradable.prefab | Assets/Data/Templates/SkillGraphs/Consumable/Prefabs/Consumable_OverdrinkAlchemy.prefab,,60.0,,Mana,Assets/Data/Templates/Items/ItemTemplates/CraftingResults/Alchemy/SoSPotions/ItemTemplate_Alchemy_SoS_SparklingSeawaterMana.prefab
potion,not-in-use,ItemTemplate_Alchemy_StagfatherBrew,item_craftingresults_alchemy_StagfatherBrew,Stagfather Brew,,,Template/description_locString_2543871262668956605_e15d23819f794eb41b4f74588dca228d,Increase [StatEnum] by [AddValueCalculated] for [DurationCalculated] seconds.,,Assets/Data/Templates/Items/ItemTemplates/AbstractTypes/Consumable/Abstract_ItemTemplate_PotionOther.prefab | Assets/Data/Templates/Items/ItemTemplates/AbstractTypes/Consumable/Partial/Abstract_ItemTemplate_Potion.prefab | Assets/Data/Templates/Items/ItemTemplates/AbstractTypes/Consumable/Partial/Abstract_ItemTemplate_Consumable.prefab,Eat,7191459edbd5a2f4d8d9c324f5f105ad | 044ae51b997dbfd4daa7ec3c4051d2a0,Assets/Data/Templates/SkillGraphs/Consumable/Prefabs/Consumable_ApplyStatus_StatIncreaseForDuration.prefab | Assets/Data/Templates/SkillGraphs/Consumable/Prefabs/Consumable_OverdrinkAlchemy.prefab,5.0,10.0 | 60.0,50.0,Strength,Assets/Data/Templates/Items/ItemTemplates/CraftingResults/Alchemy/AdvancedPotions/NotInUse/ItemTemplate_Alchemy_StagfatherBrew.prefab
potion,normal,ItemTemplate_Alchemy_StagfathersTonic,Template/itemName_2543871262668956605_eebf3b56fa783d44398471d9a64b31bb,Stagfather’s Tonic,Template/flavor_locString_2543871262668956605_eebf3b56fa783d44398471d9a64b31bb,,Template/description_locString_2543871262668956605_eebf3b56fa783d44398471d9a64b31bb,Decreases stamina usage when drawing a Bow by [ModifyValueCalculated:P0] for [DurationCalculated]s.,potions:advanced,Assets/Data/Templates/Items/ItemTemplates/AbstractTypes/Consumable/Abstract_ItemTemplate_PotionOther.prefab | Assets/Data/Templates/Items/ItemTemplates/AbstractTypes/Consumable/Partial/Abstract_ItemTemplate_Potion.prefab | Assets/Data/Templates/Items/ItemTemplates/AbstractTypes/Consumable/Partial/Abstract_ItemTemplate_Consumable.prefab,Eat,48f205160bf13974d98ea26dd75a81d9,Assets/Data/Templates/SkillGraphs/Consumable/Prefabs/Consumable_ApplyStatus_DecreaseItemStatByAbstractForDuration.prefab,,60.0,,DrawBowCostPerTick,Assets/Data/Templates/Items/ItemTemplates/CraftingResults/Alchemy/AdvancedPotions/ItemTemplate_Alchemy_StagfathersTonic.prefab
potion,normal,ItemTemplate_Alchemy_Stomachic,item_craftingresults_alchemy_Stomachic,Stomachic,Template/flavor_locString_2543871262668956605_d772bbcb53ac48843b658466550cb8a1,The best medicine for stomach ache.,description_generic_restorestat,Restores [HealValueCalculated] [StatEnum].,potions:folk | potions:healing | potions:advanced,Assets/Data/Templates/Items/ItemTemplates/AbstractTypes/Consumable/Abstract_ItemTemplate_PotionHP.prefab | Assets/Data/Templates/Items/ItemTemplates/AbstractTypes/Consumable/Partial/Abstract_ItemTemplate_Potion.prefab | Assets/Data/Templates/Items/ItemTemplates/AbstractTypes/Consumable/Partial/Abstract_ItemTemplate_ConsumableHP.prefab | Assets/Data/Templates/Items/ItemTemplates/AbstractTypes/Consumable/Partial/Abstract_ItemTemplate_Consumable.prefab,Eat,acd627b35fa17234aa6b00ea69faf646 | 044ae51b997dbfd4daa7ec3c4051d2a0,Assets/Data/Templates/SkillGraphs/Consumable/Prefabs/Consumable_HealStatFlat_NonUpgradable.prefab | Assets/Data/Templates/SkillGraphs/Consumable/Prefabs/Consumable_OverdrinkAlchemy.prefab,,,,Health,Assets/Data/Templates/Items/ItemTemplates/CraftingResults/Alchemy/AdvancedPotions/ItemTemplate_Alchemy_Stomachic.prefab
potion,not-in-use,ItemTemplate_Alchemy_StomachicSecondVariant,item_craftingresults_alchemy_Stomachic,Stomachic,Template/flavor_locString_2543871262668956605_de842128ae26ceb45b6625190805c0d4,The best medicine for stomach ache.,Template/description_locString_2543871262668956605_de842128ae26ceb45b6625190805c0d4,Heals [HealValueCalculated] [StatEnum] over [DurationCalculated] seconds.,,Assets/Data/Templates/Items/ItemTemplates/AbstractTypes/Consumable/Abstract_ItemTemplate_PotionOther.prefab | Assets/Data/Templates/Items/ItemTemplates/AbstractTypes/Consumable/Partial/Abstract_ItemTemplate_Potion.prefab | Assets/Data/Templates/Items/ItemTemplates/AbstractTypes/Consumable/Partial/Abstract_ItemTemplate_Consumable.prefab,Eat,4d431d204820819429d8f7bac4177644 | 044ae51b997dbfd4daa7ec3c4051d2a0,Assets/Data/Templates/SkillGraphs/Consumable/Prefabs/Consumable_ApplyStatus_HealOverTimeStatusFlat.prefab | Assets/Data/Templates/SkillGraphs/Consumable/Prefabs/Consumable_OverdrinkAlchemy.prefab,,10.0,,Health,Assets/Data/Templates/Items/ItemTemplates/CraftingResults/Alchemy/BasicPotions/NotInUse/ItemTemplate_Alchemy_StomachicSecondVariant.prefab
potion,not-in-use,ItemTemplate_Alchemy_StrongHealingTincture,item_craftingresults_alchemy_StrongHealingTincture,Strong Healing Tincture,Template/flavor_locString_2543871262668956605_1eb1480545748764280e9ea3df05959b,Missing,NameSkill_Consumable_HealOverTimeFlat_Desc,Restores [HealValueCalculated] [StatEnum] over [Duration]s.,,Assets/Data/Templates/Items/ItemTemplates/AbstractTypes/Consumable/Abstract_ItemTemplate_PotionHP.prefab | Assets/Data/Templates/Items/ItemTemplates/AbstractTypes/Consumable/Partial/Abstract_ItemTemplate_Potion.prefab | Assets/Data/Templates/Items/ItemTemplates/AbstractTypes/Consumable/Partial/Abstract_ItemTemplate_ConsumableHP.prefab | Assets/Data/Templates/Items/ItemTemplates/AbstractTypes/Consumable/Partial/Abstract_ItemTemplate_Consumable.prefab,Eat,4d431d204820819429d8f7bac4177644 | 044ae51b997dbfd4daa7ec3c4051d2a0,Assets/Data/Templates/SkillGraphs/Consumable/Prefabs/Consumable_ApplyStatus_HealOverTimeStatusFlat.prefab | Assets/Data/Templates/SkillGraphs/Consumable/Prefabs/Consumable_OverdrinkAlchemy.prefab,,10.0 | 60.0,,Health,Assets/Data/Templates/Items/ItemTemplates/CraftingResults/Alchemy/AdvancedPotions/NotInUse/ItemTemplate_Alchemy_StrongHealingTincture.prefab
potion,normal,ItemTemplate_Alchemy_StrongHealthPotion,item_craftingresults_alchemy_StrongHealthPotion,Strong Health Potion,Template/flavor_locString_2543871262668956605_bb723c89ae600584a912d18471f9667b,It is like Health Potion but less watery.,description_generic_restorestat,Restores [HealValueCalculated] [StatEnum].,potions:healing | potions:advanced,Assets/Data/Templates/Items/ItemTemplates/AbstractTypes/Consumable/Abstract_ItemTemplate_PotionHP.prefab | Assets/Data/Templates/Items/ItemTemplates/AbstractTypes/Consumable/Partial/Abstract_ItemTemplate_Potion.prefab | Assets/Data/Templates/Items/ItemTemplates/AbstractTypes/Consumable/Partial/Abstract_ItemTemplate_ConsumableHP.prefab | Assets/Data/Templates/Items/ItemTemplates/AbstractTypes/Consumable/Partial/Abstract_ItemTemplate_Consumable.prefab,Eat,acd627b35fa17234aa6b00ea69faf646 | 044ae51b997dbfd4daa7ec3c4051d2a0,Assets/Data/Templates/SkillGraphs/Consumable/Prefabs/Consumable_HealStatFlat_NonUpgradable.prefab | Assets/Data/Templates/SkillGraphs/Consumable/Prefabs/Consumable_OverdrinkAlchemy.prefab,,,,Health,Assets/Data/Templates/Items/ItemTemplates/CraftingResults/Alchemy/AdvancedPotions/ItemTemplate_Alchemy_StrongHealthPotion.prefab
potion,normal,ItemTemplate_Alchemy_StrongManaPotion,item_craftingresults_alchemy_StrongManaPotion,Strong Mana Potion,Template/flavor_locString_2543871262668956605_7a0082a19240bc246a6662f4ab70be89,Druidic potion for performing complex rituals.,description_generic_restorestat,Restores [HealValueCalculated] [StatEnum].,potions:advanced,Assets/Data/Templates/Items/ItemTemplates/AbstractTypes/Consumable/Abstract_ItemTemplate_PotionMP.prefab | Assets/Data/Templates/Items/ItemTemplates/AbstractTypes/Consumable/Partial/Abstract_ItemTemplate_Potion.prefab | Assets/Data/Templates/Items/ItemTemplates/AbstractTypes/Consumable/Partial/Abstract_ItemTemplate_ConsumableMP.prefab | Assets/Data/Templates/Items/ItemTemplates/AbstractTypes/Consumable/Partial/Abstract_ItemTemplate_Consumable.prefab,Eat,acd627b35fa17234aa6b00ea69faf646 | 044ae51b997dbfd4daa7ec3c4051d2a0,Assets/Data/Templates/SkillGraphs/Consumable/Prefabs/Consumable_HealStatFlat_NonUpgradable.prefab | Assets/Data/Templates/SkillGraphs/Consumable/Prefabs/Consumable_OverdrinkAlchemy.prefab,,60.0,,Mana,Assets/Data/Templates/Items/ItemTemplates/CraftingResults/Alchemy/AdvancedPotions/ItemTemplate_Alchemy_StrongManaPotion.prefab
potion,normal,ItemTemplate_Alchemy_SwiftHands,Template/itemName_2543871262668956605_a68c02cd0c5ef4d4aa16535f37a7b908,Swift Hands,Template/flavor_locString_2543871262668956605_a68c02cd0c5ef4d4aa16535f37a7b908,,NameSkill_Consumable_StatIncreasePercForDurationDesc,Increases [StatEnum] by [AddValueCalculated:P0] for [DurationCalculated]s.,potions:advanced,Assets/Data/Templates/Items/ItemTemplates/AbstractTypes/Consumable/Abstract_ItemTemplate_PotionOther.prefab | Assets/Data/Templates/Items/ItemTemplates/AbstractTypes/Consumable/Partial/Abstract_ItemTemplate_Potion.prefab | Assets/Data/Templates/Items/ItemTemplates/AbstractTypes/Consumable/Partial/Abstract_ItemTemplate_Consumable.prefab,Eat,f2ff280e9af8e82488af7cf1fec980a5 | 044ae51b997dbfd4daa7ec3c4051d2a0,Assets/Data/Templates/SkillGraphs/Consumable/Prefabs/Consumable_ApplyStatus_StatIncreasePercForDuration.prefab | Assets/Data/Templates/SkillGraphs/Consumable/Prefabs/Consumable_OverdrinkAlchemy.prefab,0.20000000298023224,10.0 | 60.0,2.0000000298023224,AttackSpeed | Health,Assets/Data/Templates/Items/ItemTemplates/CraftingResults/Alchemy/AdvancedPotions/ItemTemplate_Alchemy_SwiftHands.prefab
potion,normal,ItemTemplate_Alchemy_SwiftSteps,item_craftingresults_alchemy_SwiftSteps,Swift Steps,Template/flavor_locString_2543871262668956605_29de8192c5e756048970aa5ed178596d,Essential when escaping from Wyrdness aberrations.,Template/description_locString_2543871262668956605_29de8192c5e756048970aa5ed178596d,Increases Movement Speed by 20% for [DurationCalculated]s.,potions:basic,Assets/Data/Templates/Items/ItemTemplates/AbstractTypes/Consumable/Abstract_ItemTemplate_PotionOther.prefab | Assets/Data/Templates/Items/ItemTemplates/AbstractTypes/Consumable/Partial/Abstract_ItemTemplate_Potion.prefab | Assets/Data/Templates/Items/ItemTemplates/AbstractTypes/Consumable/Partial/Abstract_ItemTemplate_Consumable.prefab,Eat,d26b97f0d9aec9d43a2f51892843afcb | 044ae51b997dbfd4daa7ec3c4051d2a0,Assets/Data/Templates/SkillGraphs/Consumable/Prefabs/Consumable_ApplyStatus_Haste.prefab | Assets/Data/Templates/SkillGraphs/Consumable/Prefabs/Consumable_OverdrinkAlchemy.prefab,,20.0,,,Assets/Data/Templates/Items/ItemTemplates/CraftingResults/Alchemy/BasicPotions/ItemTemplate_Alchemy_SwiftSteps.prefab
potion,not-in-use,ItemTemplate_Alchemy_TaintedRoseWater,item_craftingresults_alchemy_TaintedRoseWater,Tainted Rose Water,,,Template/description_locString_2543871262668956605_b27ae1e6c9df5514f9816d4833ff30fc,"Set [StatEnum_0] to [SetValueCalculated_0] for [DurationCalculated_0] seconds.
Increase [StatEnum_1] by [AddValueCalculated_1] for [DurationCalculated_1] seconds.",,Assets/Data/Templates/Items/ItemTemplates/AbstractTypes/Consumable/Abstract_ItemTemplate_PotionOther.prefab | Assets/Data/Templates/Items/ItemTemplates/AbstractTypes/Consumable/Partial/Abstract_ItemTemplate_Potion.prefab | Assets/Data/Templates/Items/ItemTemplates/AbstractTypes/Consumable/Partial/Abstract_ItemTemplate_Consumable.prefab,Eat,b731cc1f56e41f543976e24fe0a8faa8 | 7191459edbd5a2f4d8d9c324f5f105ad | 044ae51b997dbfd4daa7ec3c4051d2a0,Assets/Data/Templates/SkillGraphs/Consumable/Prefabs/Consumable_ApplyStatus_StatSetForDuration.prefab | Assets/Data/Templates/SkillGraphs/Consumable/Prefabs/Consumable_ApplyStatus_StatIncreaseForDuration.prefab | Assets/Data/Templates/SkillGraphs/Consumable/Prefabs/Consumable_OverdrinkAlchemy.prefab,5.0,10.0 | 60.0,300.0,MaxHealth | Practicality,Assets/Data/Templates/Items/ItemTemplates/CraftingResults/Alchemy/AdvancedPotions/NotInUse/ItemTemplate_Alchemy_TaintedRoseWater.prefab
potion,normal,ItemTemplate_Alchemy_TangledThoughts,item_craftingresults_alchemy_TangledThoughts,Tangled Thoughts,,,Template/description_locString_2543871262668956605_3eea26a9ede973445a872f37b76f4677,Apply Confusion ([BuildupCalculated]) to weapon.,potions:weapons,Assets/Data/Templates/Items/ItemTemplates/AbstractTypes/Consumable/Abstract_ItemTemplate_WeaponBuff.prefab | Assets/Data/Templates/Items/ItemTemplates/AbstractTypes/Consumable/Partial/Abstract_ItemTemplate_Potion.prefab | Assets/Data/Templates/Items/ItemTemplates/AbstractTypes/Consumable/Partial/Abstract_ItemTemplate_Consumable.prefab,,,,,,,,Assets/Data/Templates/Items/ItemTemplates/CraftingResults/Alchemy/WeaponsEffects/ItemTemplate_Alchemy_TangledThoughts.prefab
potion,normal,ItemTemplate_Alchemy_TenaciousArcher,item_craftingresults_alchemy_TenaciousArcher,Tenacious Archer,Template/flavor_locString_2543871262668956605_b59e35fc64567bd40b36dbd7a97ef979,,Template/description_locString_2543871262668956605_78b1f5072c6fac643bad7183af6040cb,Increases [StatEnum] by [AddValueCalculated]% for [DurationCalculated_0] seconds.,potions:basic,Assets/Data/Templates/Items/ItemTemplates/AbstractTypes/Consumable/Abstract_ItemTemplate_PotionOther.prefab | Assets/Data/Templates/Items/ItemTemplates/AbstractTypes/Consumable/Partial/Abstract_ItemTemplate_Potion.prefab | Assets/Data/Templates/Items/ItemTemplates/AbstractTypes/Consumable/Partial/Abstract_ItemTemplate_Consumable.prefab,Eat,f2ff280e9af8e82488af7cf1fec980a5 | 044ae51b997dbfd4daa7ec3c4051d2a0,Assets/Data/Templates/SkillGraphs/Consumable/Prefabs/Consumable_ApplyStatus_StatIncreasePercForDuration.prefab | Assets/Data/Templates/SkillGraphs/Consumable/Prefabs/Consumable_OverdrinkAlchemy.prefab,100.0,30.0 | 60.0,3000.0,BowDrawSpeed | Health,Assets/Data/Templates/Items/ItemTemplates/CraftingResults/Alchemy/BasicPotions/ItemTemplate_Alchemy_TenaciousArcher.prefab
potion,normal,ItemTemplate_Alchemy_TheStrongestPotion,Template/itemName_2543871262668956605_f344a1665c1fc144db60455080ed1d6d,The Strongest Potion,Template/flavor_locString_2543871262668956605_f344a1665c1fc144db60455080ed1d6d,"This potion will kill a dragon, let alone a man.",Template/description_locString_2543871262668956605_f344a1665c1fc144db60455080ed1d6d,"This potion vastly increases your Strength, Endurance, Dexterity, Spirituality, Practicality, Perception, Damage, Critical Chance, Movement Speed, and Attack Speed, removes Mana and Stamina Costs from your actions, and renders you nigh-invincible for [Duration]s. It also kills you after it wears off.",,Assets/Data/Templates/Items/ItemTemplates/AbstractTypes/Consumable/Abstract_ItemTemplate_PotionOther.prefab | Assets/Data/Templates/Items/ItemTemplates/AbstractTypes/Consumable/Partial/Abstract_ItemTemplate_Potion.prefab | Assets/Data/Templates/Items/ItemTemplates/AbstractTypes/Consumable/Partial/Abstract_ItemTemplate_Consumable.prefab,Eat,b1b22dd99f03c7a40ace5cd32aa8d2f3 | 044ae51b997dbfd4daa7ec3c4051d2a0,Assets/Data/Templates/SkillGraphs/Consumable/Prefabs/Consumable_ApplyStatus_TheStrongestPotion.prefab | Assets/Data/Templates/SkillGraphs/Consumable/Prefabs/Consumable_OverdrinkAlchemy.prefab,,20.0 | 60.0,,MeleeRetaliation | Health,Assets/Data/Templates/Items/ItemTemplates/CraftingResults/Alchemy/AdvancedPotions/ItemTemplate_Alchemy_TheStrongestPotion.prefab
potion,not-in-use,ItemTemplate_Alchemy_TheudTribesGuide,item_craftingresults_alchemy_TheudTribesGuide,Theud Tribe's Guide,,,Template/description_locString_2543871262668956605_01b62c68c9f825e49b8e204c6f0656a1,Increase Spirituality but sacrifice other stats.,,Assets/Data/Templates/Items/ItemTemplates/AbstractTypes/Consumable/Abstract_ItemTemplate_PotionOther.prefab | Assets/Data/Templates/Items/ItemTemplates/AbstractTypes/Consumable/Partial/Abstract_ItemTemplate_Potion.prefab | Assets/Data/Templates/Items/ItemTemplates/AbstractTypes/Consumable/Partial/Abstract_ItemTemplate_Consumable.prefab,Eat,7191459edbd5a2f4d8d9c324f5f105ad | e470752fda091834bb438c9fac397d74 | e470752fda091834bb438c9fac397d74 | e470752fda091834bb438c9fac397d74 | e470752fda091834bb438c9fac397d74 | e470752fda091834bb438c9fac397d74 | 044ae51b997dbfd4daa7ec3c4051d2a0,Assets/Data/Templates/SkillGraphs/Consumable/Prefabs/Consumable_ApplyStatus_StatIncreaseForDuration.prefab | Assets/Data/Templates/SkillGraphs/Consumable/Prefabs/Consumable_ApplyStatus_StatDecreaseForDuration.prefab | Assets/Data/Templates/SkillGraphs/Consumable/Prefabs/Consumable_ApplyStatus_StatDecreaseForDuration.prefab | Assets/Data/Templates/SkillGraphs/Consumable/Prefabs/Consumable_ApplyStatus_StatDecreaseForDuration.prefab | Assets/Data/Templates/SkillGraphs/Consumable/Prefabs/Consumable_ApplyStatus_StatDecreaseForDuration.prefab | Assets/Data/Templates/SkillGraphs/Consumable/Prefabs/Consumable_ApplyStatus_StatDecreaseForDuration.prefab | Assets/Data/Templates/SkillGraphs/Consumable/Prefabs/Consumable_OverdrinkAlchemy.prefab,5.0,60.0 | 60.0 | 60.0 | 60.0 | 60.0 | 60.0,300.0,Spirituality | Strength | Dexterity | Perception | Endurance | Practicality,Assets/Data/Templates/Items/ItemTemplates/CraftingResults/Alchemy/AdvancedPotions/NotInUse/ItemTemplate_Alchemy_TheudTribesGuide.prefab
potion,not-in-use,ItemTemplate_Alchemy_ThirdEye,item_craftingresults_alchemy_ThirdEye,Third Eye,,,Template/description_locString_2543871262668956605_bf6b977fbf732d948b3c24920d303fe1,"Increase [StatEnum_0] by [AddValueCalculated_0] for [DurationCalculated_0] seconds.
Decrease [StatEnum_1] by [LoseValueCalculated_1] for [DurationCalculated_1] seconds.
Lose [HealValueCalculated_2] [StatEnum_2].",,Assets/Data/Templates/Items/ItemTemplates/AbstractTypes/Consumable/Abstract_ItemTemplate_PotionOther.prefab | Assets/Data/Templates/Items/ItemTemplates/AbstractTypes/Consumable/Partial/Abstract_ItemTemplate_Potion.prefab | Assets/Data/Templates/Items/ItemTemplates/AbstractTypes/Consumable/Partial/Abstract_ItemTemplate_Consumable.prefab,Eat,7191459edbd5a2f4d8d9c324f5f105ad | e470752fda091834bb438c9fac397d74 | 82278c6dc0202b6468f0a10d763255d5 | 044ae51b997dbfd4daa7ec3c4051d2a0,Assets/Data/Templates/SkillGraphs/Consumable/Prefabs/Consumable_ApplyStatus_StatIncreaseForDuration.prefab | Assets/Data/Templates/SkillGraphs/Consumable/Prefabs/Consumable_ApplyStatus_StatDecreaseForDuration.prefab | Assets/Data/Templates/SkillGraphs/Consumable/Prefabs/Consumable_LoseStatFlat.prefab | Assets/Data/Templates/SkillGraphs/Consumable/Prefabs/Consumable_OverdrinkAlchemy.prefab,5.0,10.0 | 60.0,50.0,Spirituality | Perception | Health,Assets/Data/Templates/Items/ItemTemplates/CraftingResults/Alchemy/AdvancedPotions/NotInUse/ItemTemplate_Alchemy_ThirdEye.prefab
potion,normal,ItemTemplate_Alchemy_ThornyPotion,Template/itemName_2543871262668956605_ad1f47807374b614ab4fa638b54e96ff,Thorny Potion,Template/flavor_locString_2543871262668956605_22b78e03b1a5b2f46be509218809838a,Smells like pure arcane energy and roses.,Template/description_locString_2543871262668956605_ad1f47807374b614ab4fa638b54e96ff,"When receiving Damage, returns [AddValueCalculated:P0] of it back to attacker for [DurationCalculated] seconds.",potions:advanced,Assets/Data/Templates/Items/ItemTemplates/AbstractTypes/Consumable/Abstract_ItemTemplate_PotionOther.prefab | Assets/Data/Templates/Items/ItemTemplates/AbstractTypes/Consumable/Partial/Abstract_ItemTemplate_Potion.prefab | Assets/Data/Templates/Items/ItemTemplates/AbstractTypes/Consumable/Partial/Abstract_ItemTemplate_Consumable.prefab,Eat,7191459edbd5a2f4d8d9c324f5f105ad | 044ae51b997dbfd4daa7ec3c4051d2a0,Assets/Data/Templates/SkillGraphs/Consumable/Prefabs/Consumable_ApplyStatus_StatIncreaseForDuration.prefab | Assets/Data/Templates/SkillGraphs/Consumable/Prefabs/Consumable_OverdrinkAlchemy.prefab,0.33000001311302185,30.0 | 60.0,9.900000393390656,MeleeRetaliation | Health,Assets/Data/Templates/Items/ItemTemplates/CraftingResults/Alchemy/AdvancedPotions/ItemTemplate_Alchemy_ThornyPotion.prefab
potion,not-in-use,ItemTemplate_Alchemy_ThrillSeekersBrew,item_craftingresults_alchemy_ThrillSeekersBrew,Thrill-Seeker's Brew,Template/flavor_locString_2543871262668956605_bb296293b8bf193419be90080eadda56,Potion of the Dál Riata.,Template/description_locString_2543871262668956605_bb296293b8bf193419be90080eadda56,Greatly increases Strength but makes the user extremely vulnerable.,,Assets/Data/Templates/Items/ItemTemplates/AbstractTypes/Consumable/Abstract_ItemTemplate_PotionHP.prefab | Assets/Data/Templates/Items/ItemTemplates/AbstractTypes/Consumable/Partial/Abstract_ItemTemplate_Potion.prefab | Assets/Data/Templates/Items/ItemTemplates/AbstractTypes/Consumable/Partial/Abstract_ItemTemplate_ConsumableHP.prefab | Assets/Data/Templates/Items/ItemTemplates/AbstractTypes/Consumable/Partial/Abstract_ItemTemplate_Consumable.prefab,Eat,7191459edbd5a2f4d8d9c324f5f105ad | b731cc1f56e41f543976e24fe0a8faa8 | 044ae51b997dbfd4daa7ec3c4051d2a0,Assets/Data/Templates/SkillGraphs/Consumable/Prefabs/Consumable_ApplyStatus_StatIncreaseForDuration.prefab | Assets/Data/Templates/SkillGraphs/Consumable/Prefabs/Consumable_ApplyStatus_StatSetForDuration.prefab | Assets/Data/Templates/SkillGraphs/Consumable/Prefabs/Consumable_OverdrinkAlchemy.prefab,5.0,60.0 | 10.0,300.0,Strength | MaxHealth,Assets/Data/Templates/Items/ItemTemplates/CraftingResults/Alchemy/BasicPotions/NotInUse/ItemTemplate_Alchemy_ThrillSeekersBrew.prefab
potion,normal,ItemTemplate_Alchemy_TongueTwister,item_craftingresults_alchemy_TongueTwister,Tongue Twister,,,Template/description_locString_2543871262668956605_4eea9eb9dbd4ab9409496e5109892470,Apply Mute ([BuildupCalculated]) to weapon.,potions:weapons,Assets/Data/Templates/Items/ItemTemplates/AbstractTypes/Consumable/Abstract_ItemTemplate_WeaponBuff.prefab | Assets/Data/Templates/Items/ItemTemplates/AbstractTypes/Consumable/Partial/Abstract_ItemTemplate_Potion.prefab | Assets/Data/Templates/Items/ItemTemplates/AbstractTypes/Consumable/Partial/Abstract_ItemTemplate_Consumable.prefab,,,,,,,,Assets/Data/Templates/Items/ItemTemplates/CraftingResults/Alchemy/WeaponsEffects/ItemTemplate_Alchemy_TongueTwister.prefab
potion,normal,ItemTemplate_Alchemy_ToothacheRemedy,item_craftingresults_alchemy_ToothacheRemedy,Toothache Remedy,,,description_generic_restorestat,Restores [HealValueCalculated] [StatEnum].,potions:quest | potions:healing,Assets/Data/Templates/Items/ItemTemplates/AbstractTypes/Consumable/Partial/Abstract_ItemTemplate_Potion.prefab | Assets/Data/Templates/Items/ItemTemplates/AbstractTypes/Consumable/Partial/Abstract_ItemTemplate_Consumable.prefab,Eat,acd627b35fa17234aa6b00ea69faf646,Assets/Data/Templates/SkillGraphs/Consumable/Prefabs/Consumable_HealStatFlat_NonUpgradable.prefab,,,,Health,Assets/Data/Templates/Items/QuestCrafting/ItemTemplate_Alchemy_ToothacheRemedy.prefab
potion,normal,ItemTemplate_Alchemy_ToxicRelationship,item_craftingresults_alchemy_ToxicRelationship,Toxic Relationship,,,Template/description_locString_2543871262668956605_52888713cac14f2469594082d2496a75,Consumption leads to Suffering.,,Assets/Data/Templates/Items/ItemTemplates/AbstractTypes/Consumable/Abstract_ItemTemplate_PotionOther.prefab | Assets/Data/Templates/Items/ItemTemplates/AbstractTypes/Consumable/Partial/Abstract_ItemTemplate_Potion.prefab | Assets/Data/Templates/Items/ItemTemplates/AbstractTypes/Consumable/Partial/Abstract_ItemTemplate_Consumable.prefab,Eat,a215be54d2d9dce48a86a2d2cc5fbf19 | 044ae51b997dbfd4daa7ec3c4051d2a0,Assets/Data/Templates/SkillGraphs/Consumable/Prefabs/Consumable_ApplyStatus_Poison.prefab | Assets/Data/Templates/SkillGraphs/Consumable/Prefabs/Consumable_OverdrinkAlchemy.prefab,,60.0,,,Assets/Data/Templates/Items/ItemTemplates/CraftingResults/Alchemy/NoIdea/ItemTemplate_Alchemy_ToxicRelationship.prefab
potion,normal,ItemTemplate_Alchemy_TrickshotPotion,Template/itemName_2543871262668956605_5919764dc15c915479a90f05032a273f,Trickshot Potion,Template/flavor_locString_2543871262668956605_5919764dc15c915479a90f05032a273f,,Template/description_locString_2543871262668956605_5919764dc15c915479a90f05032a273f,You shoot an additional arrow when using bows for [DurationCalculated]s.,potions:advanced,Assets/Data/Templates/Items/ItemTemplates/AbstractTypes/Consumable/Abstract_ItemTemplate_PotionOther.prefab | Assets/Data/Templates/Items/ItemTemplates/AbstractTypes/Consumable/Partial/Abstract_ItemTemplate_Potion.prefab | Assets/Data/Templates/Items/ItemTemplates/AbstractTypes/Consumable/Partial/Abstract_ItemTemplate_Consumable.prefab,Eat,a837e47601d15e845b410704c66636bb,Assets/Data/Templates/SkillGraphs/Consumable/Prefabs/Consumable_ApplyStatus.prefab,,15.0,,MaxDashOptimalCounter,Assets/Data/Templates/Items/ItemTemplates/CraftingResults/Alchemy/AdvancedPotions/ItemTemplate_Alchemy_TrickshotPotion.prefab
potion,not-in-use,ItemTemplate_Alchemy_UlfrTribesSpecialBrew,item_craftingresults_alchemy_UlfrTribesSpecialBrew,Ùlfr Tribe's Special Brew,,,Template/description_locString_2543871262668956605_f71cfd5dd42bd4144b61d471022adb58,"Increase [StatEnum_0] by [AddValueCalculated_0] for [DurationCalculated_0] seconds.
Decrease [StatEnum_1] by [LoseValueCalculated_1]% for [DurationCalculated_1] seconds.",,Assets/Data/Templates/Items/ItemTemplates/AbstractTypes/Consumable/Abstract_ItemTemplate_PotionOther.prefab | Assets/Data/Templates/Items/ItemTemplates/AbstractTypes/Consumable/Partial/Abstract_ItemTemplate_Potion.prefab | Assets/Data/Templates/Items/ItemTemplates/AbstractTypes/Consumable/Partial/Abstract_ItemTemplate_Consumable.prefab,Eat,7191459edbd5a2f4d8d9c324f5f105ad | 404b1cdf48cca2b498b749a4ea85125b | 044ae51b997dbfd4daa7ec3c4051d2a0,Assets/Data/Templates/SkillGraphs/Consumable/Prefabs/Consumable_ApplyStatus_StatIncreaseForDuration.prefab | Assets/Data/Templates/SkillGraphs/Consumable/Prefabs/Consumable_ApplyStatus_StatDecreasePercForDuration.prefab | Assets/Data/Templates/SkillGraphs/Consumable/Prefabs/Consumable_OverdrinkAlchemy.prefab,5.0,10.0 | 60.0,50.0,Strength | MaxMana,Assets/Data/Templates/Items/ItemTemplates/CraftingResults/Alchemy/AdvancedPotions/NotInUse/ItemTemplate_Alchemy_UlfrTribesSpecialBrew.prefab
potion,normal,ItemTemplate_Alchemy_Vertigo,item_craftingresults_alchemy_Vertigo,Vertigo,,,Template/description_locString_2543871262668956605_8443fe12b10d9f54ebe8f69e49d5e807,Apply Confusion ([BuildupCalculated]) to weapon.,potions:weapons,Assets/Data/Templates/Items/ItemTemplates/AbstractTypes/Consumable/Abstract_ItemTemplate_WeaponBuff.prefab | Assets/Data/Templates/Items/ItemTemplates/AbstractTypes/Consumable/Partial/Abstract_ItemTemplate_Potion.prefab | Assets/Data/Templates/Items/ItemTemplates/AbstractTypes/Consumable/Partial/Abstract_ItemTemplate_Consumable.prefab,,,,,,,,Assets/Data/Templates/Items/ItemTemplates/CraftingResults/Alchemy/WeaponsEffects/ItemTemplate_Alchemy_Vertigo.prefab
potion,normal,ItemTemplate_Alchemy_VigorTea,item_craftingresults_alchemy_VigorTea,Vigor Tea,Template/flavor_locString_2543871262668956605_f602390f7567ce544b4154fdbb7fbcad,,NameSkill_Consumable_IncreaseStatFlatDesc,Increases [StatEnum] by [AddValueCalculated] for [DurationCalculated_0]s.,potions:quest | item:quest,Assets/Data/Templates/Items/ItemTemplates/AbstractTypes/Consumable/Partial/Abstract_ItemTemplate_Potion.prefab | Assets/Data/Templates/Items/ItemTemplates/AbstractTypes/Consumable/Partial/Abstract_ItemTemplate_Consumable.prefab,Eat,ec1609f89f4d90c4a8f9553b49e46008 | 044ae51b997dbfd4daa7ec3c4051d2a0,Assets/Data/Templates/SkillGraphs/Consumable/Alchemy/Alchemy_IncreaseStatForDuration.prefab | Assets/Data/Templates/SkillGraphs/Consumable/Prefabs/Consumable_OverdrinkAlchemy.prefab,10.0,120.0 | 60.0,1200.0,StaminaRegen,Assets/Data/Templates/Items/QuestCrafting/ItemTemplate_Alchemy_VigorTea.prefab
potion,normal,ItemTemplate_Alchemy_ViscousElixir,item_craftingresults_alchemy_ViscousElixir,Viscous Elixir,,,Template/description_locString_2543871262668956605_6611526979a52bc44aad10dd374e8a55,Apply Slow ([BuildupCalculated]) to weapon.,potions:weapons,Assets/Data/Templates/Items/ItemTemplates/AbstractTypes/Consumable/Abstract_ItemTemplate_WeaponBuff.prefab | Assets/Data/Templates/Items/ItemTemplates/AbstractTypes/Consumable/Partial/Abstract_ItemTemplate_Potion.prefab | Assets/Data/Templates/Items/ItemTemplates/AbstractTypes/Consumable/Partial/Abstract_ItemTemplate_Consumable.prefab,,,,,,,,Assets/Data/Templates/Items/ItemTemplates/CraftingResults/Alchemy/WeaponsEffects/ItemTemplate_Alchemy_ViscousElixir.prefab
potion,not-in-use,ItemTemplate_Alchemy_WildvinePulp,item_craftingresults_alchemy_WildvinePulp,Wildvine Pulp,Template/flavor_locString_2543871262668956605_c423d5424b1c0bc4e8b6513e97c2790b,A rare druidic potion.,Template/description_locString_2543871262668956605_c423d5424b1c0bc4e8b6513e97c2790b,Increases [StatEnum] by [AddValueCalculated] over [DurationCalculated] seconds.,,Assets/Data/Templates/Items/ItemTemplates/AbstractTypes/Consumable/Abstract_ItemTemplate_PotionHP.prefab | Assets/Data/Templates/Items/ItemTemplates/AbstractTypes/Consumable/Partial/Abstract_ItemTemplate_Potion.prefab | Assets/Data/Templates/Items/ItemTemplates/AbstractTypes/Consumable/Partial/Abstract_ItemTemplate_ConsumableHP.prefab | Assets/Data/Templates/Items/ItemTemplates/AbstractTypes/Consumable/Partial/Abstract_ItemTemplate_Consumable.prefab,Eat,7191459edbd5a2f4d8d9c324f5f105ad | 044ae51b997dbfd4daa7ec3c4051d2a0,Assets/Data/Templates/SkillGraphs/Consumable/Prefabs/Consumable_ApplyStatus_StatIncreaseForDuration.prefab | Assets/Data/Templates/SkillGraphs/Consumable/Prefabs/Consumable_OverdrinkAlchemy.prefab,30.0,10.0,300.0,MaxMana,Assets/Data/Templates/Items/ItemTemplates/CraftingResults/Alchemy/BasicPotions/NotInUse/ItemTemplate_Alchemy_WildvinePulp.prefab
potion,normal,ItemTemplate_Alchemy_WitheringPoison,item_craftingresults_alchemy_WitheringPoison,Withering Poison,,,Template/description_locString_2543871262668956605_7fd826aa85433fa49ae7c265d3296a56,Apply Slow ([BuildupCalculated]) to weapon.,potions:weapons,Assets/Data/Templates/Items/ItemTemplates/AbstractTypes/Consumable/Abstract_ItemTemplate_WeaponBuff.prefab | Assets/Data/Templates/Items/ItemTemplates/AbstractTypes/Consumable/Partial/Abstract_ItemTemplate_Potion.prefab | Assets/Data/Templates/Items/ItemTemplates/AbstractTypes/Consumable/Partial/Abstract_ItemTemplate_Consumable.prefab,,,,,,,,Assets/Data/Templates/Items/ItemTemplates/CraftingResults/Alchemy/WeaponsEffects/ItemTemplate_Alchemy_WitheringPoison.prefab
potion,not-in-use,ItemTemplate_Alchemy_WolfHunger,item_craftingresults_alchemy_WolfHunger,Wolf Hunger,Template/flavor_locString_2543871262668956605_d2a004637e74d234cb56541e6fc67884,Potion used mostly by the Ulfr tribe of the Dál Riata.,Template/description_locString_2543871262668956605_d2a004637e74d234cb56541e6fc67884,Increases [StatEnum_0] at the cost of [StatEnum_1].,,Assets/Data/Templates/Items/ItemTemplates/AbstractTypes/Consumable/Abstract_ItemTemplate_PotionHP.prefab | Assets/Data/Templates/Items/ItemTemplates/AbstractTypes/Consumable/Partial/Abstract_ItemTemplate_Potion.prefab | Assets/Data/Templates/Items/ItemTemplates/AbstractTypes/Consumable/Partial/Abstract_ItemTemplate_ConsumableHP.prefab | Assets/Data/Templates/Items/ItemTemplates/AbstractTypes/Consumable/Partial/Abstract_ItemTemplate_Consumable.prefab,Eat,404b1cdf48cca2b498b749a4ea85125b | 7191459edbd5a2f4d8d9c324f5f105ad | 044ae51b997dbfd4daa7ec3c4051d2a0,Assets/Data/Templates/SkillGraphs/Consumable/Prefabs/Consumable_ApplyStatus_StatDecreasePercForDuration.prefab | Assets/Data/Templates/SkillGraphs/Consumable/Prefabs/Consumable_ApplyStatus_StatIncreaseForDuration.prefab | Assets/Data/Templates/SkillGraphs/Consumable/Prefabs/Consumable_OverdrinkAlchemy.prefab,5.0,60.0 | 10.0,50.0,MaxMana | Strength,Assets/Data/Templates/Items/ItemTemplates/CraftingResults/Alchemy/BasicPotions/NotInUse/ItemTemplate_Alchemy_WolfHunger.prefab
potion,not-in-use,ItemTemplate_Alchemy_Wyrdsublime,item_craftingresults_alchemy_Wyrdsublime,Wyrdsublime,,,Template/description_locString_2543871262668956605_fbd347d265e701c44ae26a26d8536fa9,"Consumption leads to insobriety.
Increase [StatEnum_0] by [AddValueCalculated_0] for [DurationCalculated_0] seconds.
Lose [HealValueCalculated_1] [StatEnum_1] over [DurationCalculated_1] seconds.",,Assets/Data/Templates/Items/ItemTemplates/AbstractTypes/Consumable/Abstract_ItemTemplate_PotionOther.prefab | Assets/Data/Templates/Items/ItemTemplates/AbstractTypes/Consumable/Partial/Abstract_ItemTemplate_Potion.prefab | Assets/Data/Templates/Items/ItemTemplates/AbstractTypes/Consumable/Partial/Abstract_ItemTemplate_Consumable.prefab,Eat,7191459edbd5a2f4d8d9c324f5f105ad | ab6fea11bc58bc94c966b7e819c42240 | 6219faf0de359c24894f4d983ee7d636 | 044ae51b997dbfd4daa7ec3c4051d2a0,Assets/Data/Templates/SkillGraphs/Consumable/Prefabs/Consumable_ApplyStatus_StatIncreaseForDuration.prefab | Assets/Data/Templates/SkillGraphs/Consumable/Prefabs/Consumable_ApplyStatus_LoseOverTimeStatusFlat.prefab | Assets/Data/Templates/SkillGraphs/Consumable/Prefabs/Consumable_ApplyStatus_Drunk.prefab | Assets/Data/Templates/SkillGraphs/Consumable/Prefabs/Consumable_OverdrinkAlchemy.prefab,5.0,10.0 | 60.0,50.0,Spirituality | Health,Assets/Data/Templates/Items/ItemTemplates/CraftingResults/Alchemy/AdvancedPotions/NotInUse/ItemTemplate_Alchemy_Wyrdsublime.prefab
potion,normal,ItemTemplate_Alchemy_ZZZ_Trash,item_craftingresults_alchemy_Trash,Botched Potion,,,Template/description_locString_2543871262668956605_33e7f3cf8ed69a448aea698c81cd9cd3,,craft:trash,Assets/Data/Templates/Items/ItemTemplates/AbstractTypes/Consumable/Abstract_ItemTemplate_PotionOther.prefab | Assets/Data/Templates/Items/ItemTemplates/AbstractTypes/Consumable/Partial/Abstract_ItemTemplate_Potion.prefab | Assets/Data/Templates/Items/ItemTemplates/AbstractTypes/Consumable/Partial/Abstract_ItemTemplate_Consumable.prefab,Eat,044ae51b997dbfd4daa7ec3c4051d2a0,Assets/Data/Templates/SkillGraphs/Consumable/Prefabs/Consumable_OverdrinkAlchemy.prefab,,,,,Assets/Data/Templates/Items/ItemTemplates/CraftingResults/Alchemy/ItemTemplate_Alchemy_ZZZ_Trash.prefab
potion,normal,ItemTemplate_CrazyConsumable_BleederRogue,item_crazyconsumable_BleederRogue,Bleeder Rogue,Template/flavor_locString_2543871262668956605_0a533f2f76213424f9897d258a588fda,,Template/description_locString_2543871262668956605_0a533f2f76213424f9897d258a588fda,"Coats weapon for [{BuffDuration}]s, inflicting <k=StatusBleed>Bleed</k>.",item:important,Assets/Data/Templates/Items/ItemTemplates/AbstractTypes/Consumable/Abstract_ItemTemplate_WeaponBuff.prefab | Assets/Data/Templates/Items/ItemTemplates/AbstractTypes/Consumable/Partial/Abstract_ItemTemplate_Potion.prefab | Assets/Data/Templates/Items/ItemTemplates/AbstractTypes/Consumable/Partial/Abstract_ItemTemplate_Consumable.prefab,,,,,,,,Assets/Data/Templates/Items/ItemTemplates/CrazyConsumables/WeaponGrease/ItemTemplate_CrazyConsumable_BleederRogue.prefab
potion,not-in-use,ItemTemplate_CrazyConsumable_BleederRogue,item_crazyconsumable_BleederRogue,Bleeder Rogue,Template/flavor_locString_2543871262668956605_04266a72c491dc34daa8bda9c4f05206,Sometimes just one clean hit is enough.,Template/description_locString_2543871262668956605_04266a72c491dc34daa8bda9c4f05206,"Coats weapon, inflicting Bleed build-up.",item:important,Assets/Data/Templates/Items/ItemTemplates/AbstractTypes/Consumable/Abstract_ItemTemplate_WeaponBuff.prefab | Assets/Data/Templates/Items/ItemTemplates/AbstractTypes/Consumable/Partial/Abstract_ItemTemplate_Potion.prefab | Assets/Data/Templates/Items/ItemTemplates/AbstractTypes/Consumable/Partial/Abstract_ItemTemplate_Consumable.prefab,,,,,,,,Assets/Data/Templates/Items/ItemTemplates/CrazyConsumables/WeaponGrease/NotInUse/ItemTemplate_CrazyConsumable_BleederRogue.prefab
potion,normal,ItemTemplate_CrazyConsumable_FlameResin,item_crazyconsumable_FlameResin,Flame Resin,Template/flavor_locString_2543871262668956605_79c63e3762dc8f84a93496b1074dd244,Some battles need a bit of a spark.,Template/description_locString_2543871262668956605_79c63e3762dc8f84a93496b1074dd244,"Coats weapon for [{BuffDuration}] seconds, inflicting <k=StatusBurn>Burn</k> build-up.",item:important | item:weapongrease,Assets/Data/Templates/Items/ItemTemplates/AbstractTypes/Consumable/Abstract_ItemTemplate_WeaponBuff.prefab | Assets/Data/Templates/Items/ItemTemplates/AbstractTypes/Consumable/Partial/Abstract_ItemTemplate_Potion.prefab | Assets/Data/Templates/Items/ItemTemplates/AbstractTypes/Consumable/Partial/Abstract_ItemTemplate_Consumable.prefab,,,,,,,,Assets/Data/Templates/Items/ItemTemplates/CrazyConsumables/WeaponGrease/ItemTemplate_CrazyConsumable_FlameResin.prefab
potion,normal,ItemTemplate_CrazyConsumable_FoolsRush,item_crazyconsumable_FoolsRush,Fool's Rush,Template/flavor_locString_2543871262668956605_d2f03e9132d06fd40ab2297580882d64,Haste makes waste.,Template/description_locString_2543871262668956605_d2f03e9132d06fd40ab2297580882d64,"Coats weapon for [{BuffDuration}] seconds, inflicting <k=StatusChilled>Chill</k> build-up.",item:important | item:weapongrease,Assets/Data/Templates/Items/ItemTemplates/AbstractTypes/Consumable/Abstract_ItemTemplate_WeaponBuff.prefab | Assets/Data/Templates/Items/ItemTemplates/AbstractTypes/Consumable/Partial/Abstract_ItemTemplate_Potion.prefab | Assets/Data/Templates/Items/ItemTemplates/AbstractTypes/Consumable/Partial/Abstract_ItemTemplate_Consumable.prefab,,,,,,,,Assets/Data/Templates/Items/ItemTemplates/CrazyConsumables/WeaponGrease/ItemTemplate_CrazyConsumable_FoolsRush.prefab
potion,normal,ItemTemplate_CrazyConsumable_MossfromaCursedWell,item_crazyconsumable_MossfromaCursedWell,Moss from a Cursed Well,Template/flavor_locString_2543871262668956605_4fdfdfd353392814aba0c101353e333c,Nowadays it's made by alchemists rather than scraped off cursed wells.,Template/description_locString_2543871262668956605_4fdfdfd353392814aba0c101353e333c,"Coats weapon for [{BuffDuration}] seconds, inflicting <k=StatusPoison>Poison</k> build-up.",item:important | item:weapongrease,Assets/Data/Templates/Items/ItemTemplates/AbstractTypes/Consumable/Abstract_ItemTemplate_WeaponBuff.prefab | Assets/Data/Templates/Items/ItemTemplates/AbstractTypes/Consumable/Partial/Abstract_ItemTemplate_Potion.prefab | Assets/Data/Templates/Items/ItemTemplates/AbstractTypes/Consumable/Partial/Abstract_ItemTemplate_Consumable.prefab,,,,,,,,Assets/Data/Templates/Items/ItemTemplates/CrazyConsumables/WeaponGrease/ItemTemplate_CrazyConsumable_MossfromaCursedWell.prefab
potion,not-in-use,ItemTemplate_CrazyConsumable_PurgingSteel,item_crazyconsumable_PurgingSteel,Purging Steel,Template/flavor_locString_2543871262668956605_b2359faa364389445a6cf54f9b30a41c,It is not fighting dirty if your opponent is stronger than you in the first place.,Template/description_locString_2543871262668956605_b2359faa364389445a6cf54f9b30a41c,"Coats weapon, inflicting Weak build-up.",item:important,Assets/Data/Templates/Items/ItemTemplates/AbstractTypes/Consumable/Abstract_ItemTemplate_WeaponBuff.prefab | Assets/Data/Templates/Items/ItemTemplates/AbstractTypes/Consumable/Partial/Abstract_ItemTemplate_Potion.prefab | Assets/Data/Templates/Items/ItemTemplates/AbstractTypes/Consumable/Partial/Abstract_ItemTemplate_Consumable.prefab,,,,,,,,Assets/Data/Templates/Items/ItemTemplates/CrazyConsumables/WeaponGrease/NotInUse/ItemTemplate_CrazyConsumable_PurgingSteel.prefab
potion,normal,ItemTemplate_ItemStory_CT_MaggotTposeElixir,Template/itemName_2543871262668956605_eee12d0c959352b4bbd32c39a77cbe67,Concoction for a Curse,Template/flavor_locString_2543871262668956605_eee12d0c959352b4bbd32c39a77cbe67,Supposedly for a curse. Smells weird. Looks weird. Drinking may cause a burning sensation.,Template/description_locString_2543871262668956605_eee12d0c959352b4bbd32c39a77cbe67,,item:quest,Assets/Data/Templates/Items/ItemTemplates/AbstractTypes/Consumable/Abstract_ItemTemplate_PotionOther.prefab | Assets/Data/Templates/Items/ItemTemplates/AbstractTypes/Consumable/Partial/Abstract_ItemTemplate_Potion.prefab | Assets/Data/Templates/Items/ItemTemplates/AbstractTypes/Consumable/Partial/Abstract_ItemTemplate_Consumable.prefab,,,,,,,,Assets/Data/Templates/Items/ItemTemplates/StoryItems/ItemTemplate_ItemStory_CT_MaggotTposeElixir.prefab
potion,normal,ItemTemplate_ItemStory_HoS_HebersElixir,Template/itemName_2543871262668956605_8699b0ce8312f12449558fea636b8878,Heber's Elixir,Template/flavor_locString_2543871262668956605_8699b0ce8312f12449558fea636b8878,"A mysterious, experimental elixir by Jann Heber. Its effects are unknown. Consume at your own risk!",Template/description_locString_2543871262668956605_8699b0ce8312f12449558fea636b8878,,item:quest,Assets/Data/Templates/Items/ItemTemplates/AbstractTypes/Consumable/Abstract_ItemTemplate_PotionOther.prefab | Assets/Data/Templates/Items/ItemTemplates/AbstractTypes/Consumable/Partial/Abstract_ItemTemplate_Potion.prefab | Assets/Data/Templates/Items/ItemTemplates/AbstractTypes/Consumable/Partial/Abstract_ItemTemplate_Consumable.prefab,Eat,e9c340a8b0de9f1488b417374ad05f78,Assets/Data/Templates/SkillGraphs/Consumable/Quests/SetFlag_HebersElixir.prefab,,,,,Assets/Data/Templates/Items/ItemTemplates/StoryItems/ItemTemplate_ItemStory_HoS_HebersElixir.prefab
